id,nombre,lat,lon
1,Restaurante El Sol #1,12.0464,-77.0428
2,Hotel Lima Centro #2,12.0553,-77.0311
3,Parque Kennedy #3,12.1211,-77.0292
4,Aeropuerto Jorge Chavez #4,11.9761,-77.1143
5,Miraflores Mall #5,12.1219,-77.0289
6,Barranco Plaza #6,12.1493,-77.0217
7,San Isidro Park #7,12.0975,-77.0353
8,Chorrillos Beach #8,12.1785,-77.0219
9,La Molina Uni #9,12.0850,-76.9488
10,Surco Center #10,12.1372,-76.9939
11,Restaurante El Sol #11,12.0464,-77.0428
12,Hotel Lima Centro #12,12.0553,-77.0311
13,Parque Kennedy #13,12.1211,-77.0292
14,Aeropuerto Jorge Chavez #14,11.9761,-77.1143
15,Miraflores Mall #15,12.1219,-77.0289
16,Barranco Plaza #16,12.1493,-77.0217
17,San Isidro Park #17,12.0975,-77.0353
18,Chorrillos Beach #18,12.1785,-77.0219
19,La Molina Uni #19,12.0850,-76.9488
20,Surco Center #20,12.1372,-76.9939
21,Restaurante El Sol #21,12.0464,-77.0428
22,Hotel Lima Centro #22,12.0553,-77.0311
23,Parque Kennedy #23,12.1211,-77.0292
24,Aeropuerto Jorge Chavez #24,11.9761,-77.1143
25,Miraflores Mall #25,12.1219,-77.0289
26,Barranco Plaza #26,12.1493,-77.0217
27,San Isidro Park #27,12.0975,-77.0353
28,Chorrillos Beach #28,12.1785,-77.0219
29,La Molina Uni #29,12.0850,-76.9488
30,Surco Center #30,12.1372,-76.9939
31,Restaurante El Sol #31,12.0464,-77.0428
32,Hotel Lima Centro #32,12.0553,-77.0311
33,Parque Kennedy #33,12.1211,-77.0292
34,Aeropuerto Jorge Chavez #34,11.9761,-77.1143
35,Miraflores Mall #35,12.1219,-77.0289
36,Barranco Plaza #36,12.1493,-77.0217
37,San Isidro Park #37,12.0975,-77.0353
38,Chorrillos Beach #38,12.1785,-77.0219
39,La Molina Uni #39,12.0850,-76.9488
40,Surco Center #40,12.1372,-76.9939
41,Restaurante El Sol #41,12.0464,-77.0428
42,Hotel Lima Centro #42,12.0553,-77.0311
43,Parque Kennedy #43,12.1211,-77.0292
44,Aeropuerto Jorge Chavez #44,11.9761,-77.1143
45,Miraflores Mall #45,12.1219,-77.0289
46,Barranco Plaza #46,12.1493,-77.0217
47,San Isidro Park #47,12.0975,-77.0353
48,Chorrillos Beach #48,12.1785,-77.0219
49,La Molina Uni #49,12.0850,-76.9488
50,Surco Center #50,12.1372,-76.9939
51,Restaurante El Sol #51,12.0464,-77.0428
52,Hotel Lima Centro #52,12.0553,-77.0311
53,Parque Kennedy #53,12.1211,-77.0292
54,Aeropuerto Jorge Chavez #54,11.9761,-77.1143
55,Miraflores Mall #55,12.1219,-77.0289
56,Barranco Plaza #56,12.1493,-77.0217
57,San Isidro Park #57,12.0975,-77.0353
58,Chorrillos Beach #58,12.1785,-77.0219
59,La Molina Uni #59,12.0850,-76.9488
60,Surco Center #60,12.1372,-76.9939
61,Restaurante El Sol #61,12.0464,-77.0428
62,Hotel Lima Centro #62,12.0553,-77.0311
63,Parque Kennedy #63,12.1211,-77.0292
64,Aeropuerto Jorge Chavez #64,11.9761,-77.1143
65,Miraflores Mall #65,12.1219,-77.0289
66,Barranco Plaza #66,12.1493,-77.0217
67,San Isidro Park #67,12.0975,-77.0353
68,Chorrillos Beach #68,12.1785,-77.0219
69,La Molina Uni #69,12.0850,-76.9488
70,Surco Center #70,12.1372,-76.9939
71,Restaurante El Sol #71,12.0464,-77.0428
72,Hotel Lima Centro #72,12.0553,-77.0311
73,Parque Kennedy #73,12.1211,-77.0292
74,Aeropuerto Jorge Chavez #74,11.9761,-77.1143
75,Miraflores Mall #75,12.1219,-77.0289
76,Barranco Plaza #76,12.1493,-77.0217
77,San Isidro Park #77,12.0975,-77.0353
78,Chorrillos Beach #78,12.1785,-77.0219
79,La Molina Uni #79,12.0850,-76.9488
80,Surco Center #80,12.1372,-76.9939
81,Restaurante El Sol #81,12.0464,-77.0428
82,Hotel Lima Centro #82,12.0553,-77.0311
83,Parque Kennedy #83,12.1211,-77.0292
84,Aeropuerto Jorge Chavez #84,11.9761,-77.1143
85,Miraflores Mall #85,12.1219,-77.0289
86,Barranco Plaza #86,12.1493,-77.0217
87,San Isidro Park #87,12.0975,-77.0353
88,Chorrillos Beach #88,12.1785,-77.0219
89,La Molina Uni #89,12.0850,-76.9488
90,Surco Center #90,12.1372,-76.9939
91,Restaurante El Sol #91,12.0464,-77.0428
92,Hotel Lima Centro #92,12.0553,-77.0311
93,Parque Kennedy #93,12.1211,-77.0292
94,Aeropuerto Jorge Chavez #94,11.9761,-77.1143
95,Miraflores Mall #95,12.1219,-77.0289
96,Barranco Plaza #96,12.1493,-77.0217
97,San Isidro Park #97,12.0975,-77.0353
98,Chorrillos Beach #98,12.1785,-77.0219
99,La Molina Uni #99,12.0850,-76.9488
100,Surco Center #100,12.1372,-76.9939
101,Restaurante El Sol #101,12.0464,-77.0428
102,Hotel Lima Centro #102,12.0553,-77.0311
103,Parque Kennedy #103,12.1211,-77.0292
104,Aeropuerto Jorge Chavez #104,11.9761,-77.1143
105,Miraflores Mall #105,12.1219,-77.0289
106,Barranco Plaza #106,12.1493,-77.0217
107,San Isidro Park #107,12.0975,-77.0353
108,Chorrillos Beach #108,12.1785,-77.0219
109,La Molina Uni #109,12.0850,-76.9488
110,Surco Center #110,12.1372,-76.9939
111,Restaurante El Sol #111,12.0464,-77.0428
112,Hotel Lima Centro #112,12.0553,-77.0311
113,Parque Kennedy #113,12.1211,-77.0292
114,Aeropuerto Jorge Chavez #114,11.9761,-77.1143
115,Miraflores Mall #115,12.1219,-77.0289
116,Barranco Plaza #116,12.1493,-77.0217
117,San Isidro Park #117,12.0975,-77.0353
118,Chorrillos Beach #118,12.1785,-77.0219
119,La Molina Uni #119,12.0850,-76.9488
120,Surco Center #120,12.1372,-76.9939
121,Restaurante El Sol #121,12.0464,-77.0428
122,Hotel Lima Centro #122,12.0553,-77.0311
123,Parque Kennedy #123,12.1211,-77.0292
124,Aeropuerto Jorge Chavez #124,11.9761,-77.1143
125,Miraflores Mall #125,12.1219,-77.0289
126,Barranco Plaza #126,12.1493,-77.0217
127,San Isidro Park #127,12.0975,-77.0353
128,Chorrillos Beach #128,12.1785,-77.0219
129,La Molina Uni #129,12.0850,-76.9488
130,Surco Center #130,12.1372,-76.9939
131,Restaurante El Sol #131,12.0464,-77.0428
132,Hotel Lima Centro #132,12.0553,-77.0311
133,Parque Kennedy #133,12.1211,-77.0292
134,Aeropuerto Jorge Chavez #134,11.9761,-77.1143
135,Miraflores Mall #135,12.1219,-77.0289
136,Barranco Plaza #136,12.1493,-77.0217
137,San Isidro Park #137,12.0975,-77.0353
138,Chorrillos Beach #138,12.1785,-77.0219
139,La Molina Uni #139,12.0850,-76.9488
140,Surco Center #140,12.1372,-76.9939
141,Restaurante El Sol #141,12.0464,-77.0428
142,Hotel Lima Centro #142,12.0553,-77.0311
143,Parque Kennedy #143,12.1211,-77.0292
144,Aeropuerto Jorge Chavez #144,11.9761,-77.1143
145,Miraflores Mall #145,12.1219,-77.0289
146,Barranco Plaza #146,12.1493,-77.0217
147,San Isidro Park #147,12.0975,-77.0353
148,Chorrillos Beach #148,12.1785,-77.0219
149,La Molina Uni #149,12.0850,-76.9488
150,Surco Center #150,12.1372,-76.9939
151,Restaurante El Sol #151,12.0464,-77.0428
152,Hotel Lima Centro #152,12.0553,-77.0311
153,Parque Kennedy #153,12.1211,-77.0292
154,Aeropuerto Jorge Chavez #154,11.9761,-77.1143
155,Miraflores Mall #155,12.1219,-77.0289
156,Barranco Plaza #156,12.1493,-77.0217
157,San Isidro Park #157,12.0975,-77.0353
158,Chorrillos Beach #158,12.1785,-77.0219
159,La Molina Uni #159,12.0850,-76.9488
160,Surco Center #160,12.1372,-76.9939
161,Restaurante El Sol #161,12.0464,-77.0428
162,Hotel Lima Centro #162,12.0553,-77.0311
163,Parque Kennedy #163,12.1211,-77.0292
164,Aeropuerto Jorge Chavez #164,11.9761,-77.1143
165,Miraflores Mall #165,12.1219,-77.0289
166,Barranco Plaza #166,12.1493,-77.0217
167,San Isidro Park #167,12.0975,-77.0353
168,Chorrillos Beach #168,12.1785,-77.0219
169,La Molina Uni #169,12.0850,-76.9488
170,Surco Center #170,12.1372,-76.9939
171,Restaurante El Sol #171,12.0464,-77.0428
172,Hotel Lima Centro #172,12.0553,-77.0311
173,Parque Kennedy #173,12.1211,-77.0292
174,Aeropuerto Jorge Chavez #174,11.9761,-77.1143
175,Miraflores Mall #175,12.1219,-77.0289
176,Barranco Plaza #176,12.1493,-77.0217
177,San Isidro Park #177,12.0975,-77.0353
178,Chorrillos Beach #178,12.1785,-77.0219
179,La Molina Uni #179,12.0850,-76.9488
180,Surco Center #180,12.1372,-76.9939
181,Restaurante El Sol #181,12.0464,-77.0428
182,Hotel Lima Centro #182,12.0553,-77.0311
183,Parque Kennedy #183,12.1211,-77.0292
184,Aeropuerto Jorge Chavez #184,11.9761,-77.1143
185,Miraflores Mall #185,12.1219,-77.0289
186,Barranco Plaza #186,12.1493,-77.0217
187,San Isidro Park #187,12.0975,-77.0353
188,Chorrillos Beach #188,12.1785,-77.0219
189,La Molina Uni #189,12.0850,-76.9488
190,Surco Center #190,12.1372,-76.9939
191,Restaurante El Sol #191,12.0464,-77.0428
192,Hotel Lima Centro #192,12.0553,-77.0311
193,Parque Kennedy #193,12.1211,-77.0292
194,Aeropuerto Jorge Chavez #194,11.9761,-77.1143
195,Miraflores Mall #195,12.1219,-77.0289
196,Barranco Plaza #196,12.1493,-77.0217
197,San Isidro Park #197,12.0975,-77.0353
198,Chorrillos Beach #198,12.1785,-77.0219
199,La Molina Uni #199,12.0850,-76.9488
200,Surco Center #200,12.1372,-76.9939
201,Restaurante El Sol #201,12.0464,-77.0428
202,Hotel Lima Centro #202,12.0553,-77.0311
203,Parque Kennedy #203,12.1211,-77.0292
204,Aeropuerto Jorge Chavez #204,11.9761,-77.1143
205,Miraflores Mall #205,12.1219,-77.0289
206,Barranco Plaza #206,12.1493,-77.0217
207,San Isidro Park #207,12.0975,-77.0353
208,Chorrillos Beach #208,12.1785,-77.0219
209,La Molina Uni #209,12.0850,-76.9488
210,Surco Center #210,12.1372,-76.9939
211,Restaurante El Sol #211,12.0464,-77.0428
212,Hotel Lima Centro #212,12.0553,-77.0311
213,Parque Kennedy #213,12.1211,-77.0292
214,Aeropuerto Jorge Chavez #214,11.9761,-77.1143
215,Miraflores Mall #215,12.1219,-77.0289
216,Barranco Plaza #216,12.1493,-77.0217
217,San Isidro Park #217,12.0975,-77.0353
218,Chorrillos Beach #218,12.1785,-77.0219
219,La Molina Uni #219,12.0850,-76.9488
220,Surco Center #220,12.1372,-76.9939
221,Restaurante El Sol #221,12.0464,-77.0428
222,Hotel Lima Centro #222,12.0553,-77.0311
223,Parque Kennedy #223,12.1211,-77.0292
224,Aeropuerto Jorge Chavez #224,11.9761,-77.1143
225,Miraflores Mall #225,12.1219,-77.0289
226,Barranco Plaza #226,12.1493,-77.0217
227,San Isidro Park #227,12.0975,-77.0353
228,Chorrillos Beach #228,12.1785,-77.0219
229,La Molina Uni #229,12.0850,-76.9488
230,Surco Center #230,12.1372,-76.9939
231,Restaurante El Sol #231,12.0464,-77.0428
232,Hotel Lima Centro #232,12.0553,-77.0311
233,Parque Kennedy #233,12.1211,-77.0292
234,Aeropuerto Jorge Chavez #234,11.9761,-77.1143
235,Miraflores Mall #235,12.1219,-77.0289
236,Barranco Plaza #236,12.1493,-77.0217
237,San Isidro Park #237,12.0975,-77.0353
238,Chorrillos Beach #238,12.1785,-77.0219
239,La Molina Uni #239,12.0850,-76.9488
240,Surco Center #240,12.1372,-76.9939
241,Restaurante El Sol #241,12.0464,-77.0428
242,Hotel Lima Centro #242,12.0553,-77.0311
243,Parque Kennedy #243,12.1211,-77.0292
244,Aeropuerto Jorge Chavez #244,11.9761,-77.1143
245,Miraflores Mall #245,12.1219,-77.0289
246,Barranco Plaza #246,12.1493,-77.0217
247,San Isidro Park #247,12.0975,-77.0353
248,Chorrillos Beach #248,12.1785,-77.0219
249,La Molina Uni #249,12.0850,-76.9488
250,Surco Center #250,12.1372,-76.9939
251,Restaurante El Sol #251,12.0464,-77.0428
252,Hotel Lima Centro #252,12.0553,-77.0311
253,Parque Kennedy #253,12.1211,-77.0292
254,Aeropuerto Jorge Chavez #254,11.9761,-77.1143
255,Miraflores Mall #255,12.1219,-77.0289
256,Barranco Plaza #256,12.1493,-77.0217
257,San Isidro Park #257,12.0975,-77.0353
258,Chorrillos Beach #258,12.1785,-77.0219
259,La Molina Uni #259,12.0850,-76.9488
260,Surco Center #260,12.1372,-76.9939
261,Restaurante El Sol #261,12.0464,-77.0428
262,Hotel Lima Centro #262,12.0553,-77.0311
263,Parque Kennedy #263,12.1211,-77.0292
264,Aeropuerto Jorge Chavez #264,11.9761,-77.1143
265,Miraflores Mall #265,12.1219,-77.0289
266,Barranco Plaza #266,12.1493,-77.0217
267,San Isidro Park #267,12.0975,-77.0353
268,Chorrillos Beach #268,12.1785,-77.0219
269,La Molina Uni #269,12.0850,-76.9488
270,Surco Center #270,12.1372,-76.9939
271,Restaurante El Sol #271,12.0464,-77.0428
272,Hotel Lima Centro #272,12.0553,-77.0311
273,Parque Kennedy #273,12.1211,-77.0292
274,Aeropuerto Jorge Chavez #274,11.9761,-77.1143
275,Miraflores Mall #275,12.1219,-77.0289
276,Barranco Plaza #276,12.1493,-77.0217
277,San Isidro Park #277,12.0975,-77.0353
278,Chorrillos Beach #278,12.1785,-77.0219
279,La Molina Uni #279,12.0850,-76.9488
280,Surco Center #280,12.1372,-76.9939
281,Restaurante El Sol #281,12.0464,-77.0428
282,Hotel Lima Centro #282,12.0553,-77.0311
283,Parque Kennedy #283,12.1211,-77.0292
284,Aeropuerto Jorge Chavez #284,11.9761,-77.1143
285,Miraflores Mall #285,12.1219,-77.0289
286,Barranco Plaza #286,12.1493,-77.0217
287,San Isidro Park #287,12.0975,-77.0353
288,Chorrillos Beach #288,12.1785,-77.0219
289,La Molina Uni #289,12.0850,-76.9488
290,Surco Center #290,12.1372,-76.9939
291,Restaurante El Sol #291,12.0464,-77.0428
292,Hotel Lima Centro #292,12.0553,-77.0311
293,Parque Kennedy #293,12.1211,-77.0292
294,Aeropuerto Jorge Chavez #294,11.9761,-77.1143
295,Miraflores Mall #295,12.1219,-77.0289
296,Barranco Plaza #296,12.1493,-77.0217
297,San Isidro Park #297,12.0975,-77.0353
298,Chorrillos Beach #298,12.1785,-77.0219
299,La Molina Uni #299,12.0850,-76.9488
300,Surco Center #300,12.1372,-76.9939
301,Restaurante El Sol #301,12.0464,-77.0428
302,Hotel Lima Centro #302,12.0553,-77.0311
303,Parque Kennedy #303,12.1211,-77.0292
304,Aeropuerto Jorge Chavez #304,11.9761,-77.1143
305,Miraflores Mall #305,12.1219,-77.0289
306,Barranco Plaza #306,12.1493,-77.0217
307,San Isidro Park #307,12.0975,-77.0353
308,Chorrillos Beach #308,12.1785,-77.0219
309,La Molina Uni #309,12.0850,-76.9488
310,Surco Center #310,12.1372,-76.9939
311,Restaurante El Sol #311,12.0464,-77.0428
312,Hotel Lima Centro #312,12.0553,-77.0311
313,Parque Kennedy #313,12.1211,-77.0292
314,Aeropuerto Jorge Chavez #314,11.9761,-77.1143
315,Miraflores Mall #315,12.1219,-77.0289
316,Barranco Plaza #316,12.1493,-77.0217
317,San Isidro Park #317,12.0975,-77.0353
318,Chorrillos Beach #318,12.1785,-77.0219
319,La Molina Uni #319,12.0850,-76.9488
320,Surco Center #320,12.1372,-76.9939
321,Restaurante El Sol #321,12.0464,-77.0428
322,Hotel Lima Centro #322,12.0553,-77.0311
323,Parque Kennedy #323,12.1211,-77.0292
324,Aeropuerto Jorge Chavez #324,11.9761,-77.1143
325,Miraflores Mall #325,12.1219,-77.0289
326,Barranco Plaza #326,12.1493,-77.0217
327,San Isidro Park #327,12.0975,-77.0353
328,Chorrillos Beach #328,12.1785,-77.0219
329,La Molina Uni #329,12.0850,-76.9488
330,Surco Center #330,12.1372,-76.9939
331,Restaurante El Sol #331,12.0464,-77.0428
332,Hotel Lima Centro #332,12.0553,-77.0311
333,Parque Kennedy #333,12.1211,-77.0292
334,Aeropuerto Jorge Chavez #334,11.9761,-77.1143
335,Miraflores Mall #335,12.1219,-77.0289
336,Barranco Plaza #336,12.1493,-77.0217
337,San Isidro Park #337,12.0975,-77.0353
338,Chorrillos Beach #338,12.1785,-77.0219
339,La Molina Uni #339,12.0850,-76.9488
340,Surco Center #340,12.1372,-76.9939
341,Restaurante El Sol #341,12.0464,-77.0428
342,Hotel Lima Centro #342,12.0553,-77.0311
343,Parque Kennedy #343,12.1211,-77.0292
344,Aeropuerto Jorge Chavez #344,11.9761,-77.1143
345,Miraflores Mall #345,12.1219,-77.0289
346,Barranco Plaza #346,12.1493,-77.0217
347,San Isidro Park #347,12.0975,-77.0353
348,Chorrillos Beach #348,12.1785,-77.0219
349,La Molina Uni #349,12.0850,-76.9488
350,Surco Center #350,12.1372,-76.9939
351,Restaurante El Sol #351,12.0464,-77.0428
352,Hotel Lima Centro #352,12.0553,-77.0311
353,Parque Kennedy #353,12.1211,-77.0292
354,Aeropuerto Jorge Chavez #354,11.9761,-77.1143
355,Miraflores Mall #355,12.1219,-77.0289
356,Barranco Plaza #356,12.1493,-77.0217
357,San Isidro Park #357,12.0975,-77.0353
358,Chorrillos Beach #358,12.1785,-77.0219
359,La Molina Uni #359,12.0850,-76.9488
360,Surco Center #360,12.1372,-76.9939
361,Restaurante El Sol #361,12.0464,-77.0428
362,Hotel Lima Centro #362,12.0553,-77.0311
363,Parque Kennedy #363,12.1211,-77.0292
364,Aeropuerto Jorge Chavez #364,11.9761,-77.1143
365,Miraflores Mall #365,12.1219,-77.0289
366,Barranco Plaza #366,12.1493,-77.0217
367,San Isidro Park #367,12.0975,-77.0353
368,Chorrillos Beach #368,12.1785,-77.0219
369,La Molina Uni #369,12.0850,-76.9488
370,Surco Center #370,12.1372,-76.9939
371,Restaurante El Sol #371,12.0464,-77.0428
372,Hotel Lima Centro #372,12.0553,-77.0311
373,Parque Kennedy #373,12.1211,-77.0292
374,Aeropuerto Jorge Chavez #374,11.9761,-77.1143
375,Miraflores Mall #375,12.1219,-77.0289
376,Barranco Plaza #376,12.1493,-77.0217
377,San Isidro Park #377,12.0975,-77.0353
378,Chorrillos Beach #378,12.1785,-77.0219
379,La Molina Uni #379,12.0850,-76.9488
380,Surco Center #380,12.1372,-76.9939
381,Restaurante El Sol #381,12.0464,-77.0428
382,Hotel Lima Centro #382,12.0553,-77.0311
383,Parque Kennedy #383,12.1211,-77.0292
384,Aeropuerto Jorge Chavez #384,11.9761,-77.1143
385,Miraflores Mall #385,12.1219,-77.0289
386,Barranco Plaza #386,12.1493,-77.0217
387,San Isidro Park #387,12.0975,-77.0353
388,Chorrillos Beach #388,12.1785,-77.0219
389,La Molina Uni #389,12.0850,-76.9488
390,Surco Center #390,12.1372,-76.9939
391,Restaurante El Sol #391,12.0464,-77.0428
392,Hotel Lima Centro #392,12.0553,-77.0311
393,Parque Kennedy #393,12.1211,-77.0292
394,Aeropuerto Jorge Chavez #394,11.9761,-77.1143
395,Miraflores Mall #395,12.1219,-77.0289
396,Barranco Plaza #396,12.1493,-77.0217
397,San Isidro Park #397,12.0975,-77.0353
398,Chorrillos Beach #398,12.1785,-77.0219
399,La Molina Uni #399,12.0850,-76.9488
400,Surco Center #400,12.1372,-76.9939
401,Restaurante El Sol #401,12.0464,-77.0428
402,Hotel Lima Centro #402,12.0553,-77.0311
403,Parque Kennedy #403,12.1211,-77.0292
404,Aeropuerto Jorge Chavez #404,11.9761,-77.1143
405,Miraflores Mall #405,12.1219,-77.0289
406,Barranco Plaza #406,12.1493,-77.0217
407,San Isidro Park #407,12.0975,-77.0353
408,Chorrillos Beach #408,12.1785,-77.0219
409,La Molina Uni #409,12.0850,-76.9488
410,Surco Center #410,12.1372,-76.9939
411,Restaurante El Sol #411,12.0464,-77.0428
412,Hotel Lima Centro #412,12.0553,-77.0311
413,Parque Kennedy #413,12.1211,-77.0292
414,Aeropuerto Jorge Chavez #414,11.9761,-77.1143
415,Miraflores Mall #415,12.1219,-77.0289
416,Barranco Plaza #416,12.1493,-77.0217
417,San Isidro Park #417,12.0975,-77.0353
418,Chorrillos Beach #418,12.1785,-77.0219
419,La Molina Uni #419,12.0850,-76.9488
420,Surco Center #420,12.1372,-76.9939
421,Restaurante El Sol #421,12.0464,-77.0428
422,Hotel Lima Centro #422,12.0553,-77.0311
423,Parque Kennedy #423,12.1211,-77.0292
424,Aeropuerto Jorge Chavez #424,11.9761,-77.1143
425,Miraflores Mall #425,12.1219,-77.0289
426,Barranco Plaza #426,12.1493,-77.0217
427,San Isidro Park #427,12.0975,-77.0353
428,Chorrillos Beach #428,12.1785,-77.0219
429,La Molina Uni #429,12.0850,-76.9488
430,Surco Center #430,12.1372,-76.9939
431,Restaurante El Sol #431,12.0464,-77.0428
432,Hotel Lima Centro #432,12.0553,-77.0311
433,Parque Kennedy #433,12.1211,-77.0292
434,Aeropuerto Jorge Chavez #434,11.9761,-77.1143
435,Miraflores Mall #435,12.1219,-77.0289
436,Barranco Plaza #436,12.1493,-77.0217
437,San Isidro Park #437,12.0975,-77.0353
438,Chorrillos Beach #438,12.1785,-77.0219
439,La Molina Uni #439,12.0850,-76.9488
440,Surco Center #440,12.1372,-76.9939
441,Restaurante El Sol #441,12.0464,-77.0428
442,Hotel Lima Centro #442,12.0553,-77.0311
443,Parque Kennedy #443,12.1211,-77.0292
444,Aeropuerto Jorge Chavez #444,11.9761,-77.1143
445,Miraflores Mall #445,12.1219,-77.0289
446,Barranco Plaza #446,12.1493,-77.0217
447,San Isidro Park #447,12.0975,-77.0353
448,Chorrillos Beach #448,12.1785,-77.0219
449,La Molina Uni #449,12.0850,-76.9488
450,Surco Center #450,12.1372,-76.9939
451,Restaurante El Sol #451,12.0464,-77.0428
452,Hotel Lima Centro #452,12.0553,-77.0311
453,Parque Kennedy #453,12.1211,-77.0292
454,Aeropuerto Jorge Chavez #454,11.9761,-77.1143
455,Miraflores Mall #455,12.1219,-77.0289
456,Barranco Plaza #456,12.1493,-77.0217
457,San Isidro Park #457,12.0975,-77.0353
458,Chorrillos Beach #458,12.1785,-77.0219
459,La Molina Uni #459,12.0850,-76.9488
460,Surco Center #460,12.1372,-76.9939
461,Restaurante El Sol #461,12.0464,-77.0428
462,Hotel Lima Centro #462,12.0553,-77.0311
463,Parque Kennedy #463,12.1211,-77.0292
464,Aeropuerto Jorge Chavez #464,11.9761,-77.1143
465,Miraflores Mall #465,12.1219,-77.0289
466,Barranco Plaza #466,12.1493,-77.0217
467,San Isidro Park #467,12.0975,-77.0353
468,Chorrillos Beach #468,12.1785,-77.0219
469,La Molina Uni #469,12.0850,-76.9488
470,Surco Center #470,12.1372,-76.9939
471,Restaurante El Sol #471,12.0464,-77.0428
472,Hotel Lima Centro #472,12.0553,-77.0311
473,Parque Kennedy #473,12.1211,-77.0292
474,Aeropuerto Jorge Chavez #474,11.9761,-77.1143
475,Miraflores Mall #475,12.1219,-77.0289
476,Barranco Plaza #476,12.1493,-77.0217
477,San Isidro Park #477,12.0975,-77.0353
478,Chorrillos Beach #478,12.1785,-77.0219
479,La Molina Uni #479,12.0850,-76.9488
480,Surco Center #480,12.1372,-76.9939
481,Restaurante El Sol #481,12.0464,-77.0428
482,Hotel Lima Centro #482,12.0553,-77.0311
483,Parque Kennedy #483,12.1211,-77.0292
484,Aeropuerto Jorge Chavez #484,11.9761,-77.1143
485,Miraflores Mall #485,12.1219,-77.0289
486,Barranco Plaza #486,12.1493,-77.0217
487,San Isidro Park #487,12.0975,-77.0353
488,Chorrillos Beach #488,12.1785,-77.0219
489,La Molina Uni #489,12.0850,-76.9488
490,Surco Center #490,12.1372,-76.9939
491,Restaurante El Sol #491,12.0464,-77.0428
492,Hotel Lima Centro #492,12.0553,-77.0311
493,Parque Kennedy #493,12.1211,-77.0292
494,Aeropuerto Jorge Chavez #494,11.9761,-77.1143
495,Miraflores Mall #495,12.1219,-77.0289
496,Barranco Plaza #496,12.1493,-77.0217
497,San Isidro Park #497,12.0975,-77.0353
498,Chorrillos Beach #498,12.1785,-77.0219
499,La Molina Uni #499,12.0850,-76.9488
500,Surco Center #500,12.1372,-76.9939
501,Restaurante El Sol #501,12.0464,-77.0428
502,Hotel Lima Centro #502,12.0553,-77.0311
503,Parque Kennedy #503,12.1211,-77.0292
504,Aeropuerto Jorge Chavez #504,11.9761,-77.1143
505,Miraflores Mall #505,12.1219,-77.0289
506,Barranco Plaza #506,12.1493,-77.0217
507,San Isidro Park #507,12.0975,-77.0353
508,Chorrillos Beach #508,12.1785,-77.0219
509,La Molina Uni #509,12.0850,-76.9488
510,Surco Center #510,12.1372,-76.9939
511,Restaurante El Sol #511,12.0464,-77.0428
512,Hotel Lima Centro #512,12.0553,-77.0311
513,Parque Kennedy #513,12.1211,-77.0292
514,Aeropuerto Jorge Chavez #514,11.9761,-77.1143
515,Miraflores Mall #515,12.1219,-77.0289
516,Barranco Plaza #516,12.1493,-77.0217
517,San Isidro Park #517,12.0975,-77.0353
518,Chorrillos Beach #518,12.1785,-77.0219
519,La Molina Uni #519,12.0850,-76.9488
520,Surco Center #520,12.1372,-76.9939
521,Restaurante El Sol #521,12.0464,-77.0428
522,Hotel Lima Centro #522,12.0553,-77.0311
523,Parque Kennedy #523,12.1211,-77.0292
524,Aeropuerto Jorge Chavez #524,11.9761,-77.1143
525,Miraflores Mall #525,12.1219,-77.0289
526,Barranco Plaza #526,12.1493,-77.0217
527,San Isidro Park #527,12.0975,-77.0353
528,Chorrillos Beach #528,12.1785,-77.0219
529,La Molina Uni #529,12.0850,-76.9488
530,Surco Center #530,12.1372,-76.9939
531,Restaurante El Sol #531,12.0464,-77.0428
532,Hotel Lima Centro #532,12.0553,-77.0311
533,Parque Kennedy #533,12.1211,-77.0292
534,Aeropuerto Jorge Chavez #534,11.9761,-77.1143
535,Miraflores Mall #535,12.1219,-77.0289
536,Barranco Plaza #536,12.1493,-77.0217
537,San Isidro Park #537,12.0975,-77.0353
538,Chorrillos Beach #538,12.1785,-77.0219
539,La Molina Uni #539,12.0850,-76.9488
540,Surco Center #540,12.1372,-76.9939
541,Restaurante El Sol #541,12.0464,-77.0428
542,Hotel Lima Centro #542,12.0553,-77.0311
543,Parque Kennedy #543,12.1211,-77.0292
544,Aeropuerto Jorge Chavez #544,11.9761,-77.1143
545,Miraflores Mall #545,12.1219,-77.0289
546,Barranco Plaza #546,12.1493,-77.0217
547,San Isidro Park #547,12.0975,-77.0353
548,Chorrillos Beach #548,12.1785,-77.0219
549,La Molina Uni #549,12.0850,-76.9488
550,Surco Center #550,12.1372,-76.9939
551,Restaurante El Sol #551,12.0464,-77.0428
552,Hotel Lima Centro #552,12.0553,-77.0311
553,Parque Kennedy #553,12.1211,-77.0292
554,Aeropuerto Jorge Chavez #554,11.9761,-77.1143
555,Miraflores Mall #555,12.1219,-77.0289
556,Barranco Plaza #556,12.1493,-77.0217
557,San Isidro Park #557,12.0975,-77.0353
558,Chorrillos Beach #558,12.1785,-77.0219
559,La Molina Uni #559,12.0850,-76.9488
560,Surco Center #560,12.1372,-76.9939
561,Restaurante El Sol #561,12.0464,-77.0428
562,Hotel Lima Centro #562,12.0553,-77.0311
563,Parque Kennedy #563,12.1211,-77.0292
564,Aeropuerto Jorge Chavez #564,11.9761,-77.1143
565,Miraflores Mall #565,12.1219,-77.0289
566,Barranco Plaza #566,12.1493,-77.0217
567,San Isidro Park #567,12.0975,-77.0353
568,Chorrillos Beach #568,12.1785,-77.0219
569,La Molina Uni #569,12.0850,-76.9488
570,Surco Center #570,12.1372,-76.9939
571,Restaurante El Sol #571,12.0464,-77.0428
572,Hotel Lima Centro #572,12.0553,-77.0311
573,Parque Kennedy #573,12.1211,-77.0292
574,Aeropuerto Jorge Chavez #574,11.9761,-77.1143
575,Miraflores Mall #575,12.1219,-77.0289
576,Barranco Plaza #576,12.1493,-77.0217
577,San Isidro Park #577,12.0975,-77.0353
578,Chorrillos Beach #578,12.1785,-77.0219
579,La Molina Uni #579,12.0850,-76.9488
580,Surco Center #580,12.1372,-76.9939
581,Restaurante El Sol #581,12.0464,-77.0428
582,Hotel Lima Centro #582,12.0553,-77.0311
583,Parque Kennedy #583,12.1211,-77.0292
584,Aeropuerto Jorge Chavez #584,11.9761,-77.1143
585,Miraflores Mall #585,12.1219,-77.0289
586,Barranco Plaza #586,12.1493,-77.0217
587,San Isidro Park #587,12.0975,-77.0353
588,Chorrillos Beach #588,12.1785,-77.0219
589,La Molina Uni #589,12.0850,-76.9488
590,Surco Center #590,12.1372,-76.9939
591,Restaurante El Sol #591,12.0464,-77.0428
592,Hotel Lima Centro #592,12.0553,-77.0311
593,Parque Kennedy #593,12.1211,-77.0292
594,Aeropuerto Jorge Chavez #594,11.9761,-77.1143
595,Miraflores Mall #595,12.1219,-77.0289
596,Barranco Plaza #596,12.1493,-77.0217
597,San Isidro Park #597,12.0975,-77.0353
598,Chorrillos Beach #598,12.1785,-77.0219
599,La Molina Uni #599,12.0850,-76.9488
600,Surco Center #600,12.1372,-76.9939
601,Restaurante El Sol #601,12.0464,-77.0428
602,Hotel Lima Centro #602,12.0553,-77.0311
603,Parque Kennedy #603,12.1211,-77.0292
604,Aeropuerto Jorge Chavez #604,11.9761,-77.1143
605,Miraflores Mall #605,12.1219,-77.0289
606,Barranco Plaza #606,12.1493,-77.0217
607,San Isidro Park #607,12.0975,-77.0353
608,Chorrillos Beach #608,12.1785,-77.0219
609,La Molina Uni #609,12.0850,-76.9488
610,Surco Center #610,12.1372,-76.9939
611,Restaurante El Sol #611,12.0464,-77.0428
612,Hotel Lima Centro #612,12.0553,-77.0311
613,Parque Kennedy #613,12.1211,-77.0292
614,Aeropuerto Jorge Chavez #614,11.9761,-77.1143
615,Miraflores Mall #615,12.1219,-77.0289
616,Barranco Plaza #616,12.1493,-77.0217
617,San Isidro Park #617,12.0975,-77.0353
618,Chorrillos Beach #618,12.1785,-77.0219
619,La Molina Uni #619,12.0850,-76.9488
620,Surco Center #620,12.1372,-76.9939
621,Restaurante El Sol #621,12.0464,-77.0428
622,Hotel Lima Centro #622,12.0553,-77.0311
623,Parque Kennedy #623,12.1211,-77.0292
624,Aeropuerto Jorge Chavez #624,11.9761,-77.1143
625,Miraflores Mall #625,12.1219,-77.0289
626,Barranco Plaza #626,12.1493,-77.0217
627,San Isidro Park #627,12.0975,-77.0353
628,Chorrillos Beach #628,12.1785,-77.0219
629,La Molina Uni #629,12.0850,-76.9488
630,Surco Center #630,12.1372,-76.9939
631,Restaurante El Sol #631,12.0464,-77.0428
632,Hotel Lima Centro #632,12.0553,-77.0311
633,Parque Kennedy #633,12.1211,-77.0292
634,Aeropuerto Jorge Chavez #634,11.9761,-77.1143
635,Miraflores Mall #635,12.1219,-77.0289
636,Barranco Plaza #636,12.1493,-77.0217
637,San Isidro Park #637,12.0975,-77.0353
638,Chorrillos Beach #638,12.1785,-77.0219
639,La Molina Uni #639,12.0850,-76.9488
640,Surco Center #640,12.1372,-76.9939
641,Restaurante El Sol #641,12.0464,-77.0428
642,Hotel Lima Centro #642,12.0553,-77.0311
643,Parque Kennedy #643,12.1211,-77.0292
644,Aeropuerto Jorge Chavez #644,11.9761,-77.1143
645,Miraflores Mall #645,12.1219,-77.0289
646,Barranco Plaza #646,12.1493,-77.0217
647,San Isidro Park #647,12.0975,-77.0353
648,Chorrillos Beach #648,12.1785,-77.0219
649,La Molina Uni #649,12.0850,-76.9488
650,Surco Center #650,12.1372,-76.9939
651,Restaurante El Sol #651,12.0464,-77.0428
652,Hotel Lima Centro #652,12.0553,-77.0311
653,Parque Kennedy #653,12.1211,-77.0292
654,Aeropuerto Jorge Chavez #654,11.9761,-77.1143
655,Miraflores Mall #655,12.1219,-77.0289
656,Barranco Plaza #656,12.1493,-77.0217
657,San Isidro Park #657,12.0975,-77.0353
658,Chorrillos Beach #658,12.1785,-77.0219
659,La Molina Uni #659,12.0850,-76.9488
660,Surco Center #660,12.1372,-76.9939
661,Restaurante El Sol #661,12.0464,-77.0428
662,Hotel Lima Centro #662,12.0553,-77.0311
663,Parque Kennedy #663,12.1211,-77.0292
664,Aeropuerto Jorge Chavez #664,11.9761,-77.1143
665,Miraflores Mall #665,12.1219,-77.0289
666,Barranco Plaza #666,12.1493,-77.0217
667,San Isidro Park #667,12.0975,-77.0353
668,Chorrillos Beach #668,12.1785,-77.0219
669,La Molina Uni #669,12.0850,-76.9488
670,Surco Center #670,12.1372,-76.9939
671,Restaurante El Sol #671,12.0464,-77.0428
672,Hotel Lima Centro #672,12.0553,-77.0311
673,Parque Kennedy #673,12.1211,-77.0292
674,Aeropuerto Jorge Chavez #674,11.9761,-77.1143
675,Miraflores Mall #675,12.1219,-77.0289
676,Barranco Plaza #676,12.1493,-77.0217
677,San Isidro Park #677,12.0975,-77.0353
678,Chorrillos Beach #678,12.1785,-77.0219
679,La Molina Uni #679,12.0850,-76.9488
680,Surco Center #680,12.1372,-76.9939
681,Restaurante El Sol #681,12.0464,-77.0428
682,Hotel Lima Centro #682,12.0553,-77.0311
683,Parque Kennedy #683,12.1211,-77.0292
684,Aeropuerto Jorge Chavez #684,11.9761,-77.1143
685,Miraflores Mall #685,12.1219,-77.0289
686,Barranco Plaza #686,12.1493,-77.0217
687,San Isidro Park #687,12.0975,-77.0353
688,Chorrillos Beach #688,12.1785,-77.0219
689,La Molina Uni #689,12.0850,-76.9488
690,Surco Center #690,12.1372,-76.9939
691,Restaurante El Sol #691,12.0464,-77.0428
692,Hotel Lima Centro #692,12.0553,-77.0311
693,Parque Kennedy #693,12.1211,-77.0292
694,Aeropuerto Jorge Chavez #694,11.9761,-77.1143
695,Miraflores Mall #695,12.1219,-77.0289
696,Barranco Plaza #696,12.1493,-77.0217
697,San Isidro Park #697,12.0975,-77.0353
698,Chorrillos Beach #698,12.1785,-77.0219
699,La Molina Uni #699,12.0850,-76.9488
700,Surco Center #700,12.1372,-76.9939
701,Restaurante El Sol #701,12.0464,-77.0428
702,Hotel Lima Centro #702,12.0553,-77.0311
703,Parque Kennedy #703,12.1211,-77.0292
704,Aeropuerto Jorge Chavez #704,11.9761,-77.1143
705,Miraflores Mall #705,12.1219,-77.0289
706,Barranco Plaza #706,12.1493,-77.0217
707,San Isidro Park #707,12.0975,-77.0353
708,Chorrillos Beach #708,12.1785,-77.0219
709,La Molina Uni #709,12.0850,-76.9488
710,Surco Center #710,12.1372,-76.9939
711,Restaurante El Sol #711,12.0464,-77.0428
712,Hotel Lima Centro #712,12.0553,-77.0311
713,Parque Kennedy #713,12.1211,-77.0292
714,Aeropuerto Jorge Chavez #714,11.9761,-77.1143
715,Miraflores Mall #715,12.1219,-77.0289
716,Barranco Plaza #716,12.1493,-77.0217
717,San Isidro Park #717,12.0975,-77.0353
718,Chorrillos Beach #718,12.1785,-77.0219
719,La Molina Uni #719,12.0850,-76.9488
720,Surco Center #720,12.1372,-76.9939
721,Restaurante El Sol #721,12.0464,-77.0428
722,Hotel Lima Centro #722,12.0553,-77.0311
723,Parque Kennedy #723,12.1211,-77.0292
724,Aeropuerto Jorge Chavez #724,11.9761,-77.1143
725,Miraflores Mall #725,12.1219,-77.0289
726,Barranco Plaza #726,12.1493,-77.0217
727,San Isidro Park #727,12.0975,-77.0353
728,Chorrillos Beach #728,12.1785,-77.0219
729,La Molina Uni #729,12.0850,-76.9488
730,Surco Center #730,12.1372,-76.9939
731,Restaurante El Sol #731,12.0464,-77.0428
732,Hotel Lima Centro #732,12.0553,-77.0311
733,Parque Kennedy #733,12.1211,-77.0292
734,Aeropuerto Jorge Chavez #734,11.9761,-77.1143
735,Miraflores Mall #735,12.1219,-77.0289
736,Barranco Plaza #736,12.1493,-77.0217
737,San Isidro Park #737,12.0975,-77.0353
738,Chorrillos Beach #738,12.1785,-77.0219
739,La Molina Uni #739,12.0850,-76.9488
740,Surco Center #740,12.1372,-76.9939
741,Restaurante El Sol #741,12.0464,-77.0428
742,Hotel Lima Centro #742,12.0553,-77.0311
743,Parque Kennedy #743,12.1211,-77.0292
744,Aeropuerto Jorge Chavez #744,11.9761,-77.1143
745,Miraflores Mall #745,12.1219,-77.0289
746,Barranco Plaza #746,12.1493,-77.0217
747,San Isidro Park #747,12.0975,-77.0353
748,Chorrillos Beach #748,12.1785,-77.0219
749,La Molina Uni #749,12.0850,-76.9488
750,Surco Center #750,12.1372,-76.9939
751,Restaurante El Sol #751,12.0464,-77.0428
752,Hotel Lima Centro #752,12.0553,-77.0311
753,Parque Kennedy #753,12.1211,-77.0292
754,Aeropuerto Jorge Chavez #754,11.9761,-77.1143
755,Miraflores Mall #755,12.1219,-77.0289
756,Barranco Plaza #756,12.1493,-77.0217
757,San Isidro Park #757,12.0975,-77.0353
758,Chorrillos Beach #758,12.1785,-77.0219
759,La Molina Uni #759,12.0850,-76.9488
760,Surco Center #760,12.1372,-76.9939
761,Restaurante El Sol #761,12.0464,-77.0428
762,Hotel Lima Centro #762,12.0553,-77.0311
763,Parque Kennedy #763,12.1211,-77.0292
764,Aeropuerto Jorge Chavez #764,11.9761,-77.1143
765,Miraflores Mall #765,12.1219,-77.0289
766,Barranco Plaza #766,12.1493,-77.0217
767,San Isidro Park #767,12.0975,-77.0353
768,Chorrillos Beach #768,12.1785,-77.0219
769,La Molina Uni #769,12.0850,-76.9488
770,Surco Center #770,12.1372,-76.9939
771,Restaurante El Sol #771,12.0464,-77.0428
772,Hotel Lima Centro #772,12.0553,-77.0311
773,Parque Kennedy #773,12.1211,-77.0292
774,Aeropuerto Jorge Chavez #774,11.9761,-77.1143
775,Miraflores Mall #775,12.1219,-77.0289
776,Barranco Plaza #776,12.1493,-77.0217
777,San Isidro Park #777,12.0975,-77.0353
778,Chorrillos Beach #778,12.1785,-77.0219
779,La Molina Uni #779,12.0850,-76.9488
780,Surco Center #780,12.1372,-76.9939
781,Restaurante El Sol #781,12.0464,-77.0428
782,Hotel Lima Centro #782,12.0553,-77.0311
783,Parque Kennedy #783,12.1211,-77.0292
784,Aeropuerto Jorge Chavez #784,11.9761,-77.1143
785,Miraflores Mall #785,12.1219,-77.0289
786,Barranco Plaza #786,12.1493,-77.0217
787,San Isidro Park #787,12.0975,-77.0353
788,Chorrillos Beach #788,12.1785,-77.0219
789,La Molina Uni #789,12.0850,-76.9488
790,Surco Center #790,12.1372,-76.9939
791,Restaurante El Sol #791,12.0464,-77.0428
792,Hotel Lima Centro #792,12.0553,-77.0311
793,Parque Kennedy #793,12.1211,-77.0292
794,Aeropuerto Jorge Chavez #794,11.9761,-77.1143
795,Miraflores Mall #795,12.1219,-77.0289
796,Barranco Plaza #796,12.1493,-77.0217
797,San Isidro Park #797,12.0975,-77.0353
798,Chorrillos Beach #798,12.1785,-77.0219
799,La Molina Uni #799,12.0850,-76.9488
800,Surco Center #800,12.1372,-76.9939
801,Restaurante El Sol #801,12.0464,-77.0428
802,Hotel Lima Centro #802,12.0553,-77.0311
803,Parque Kennedy #803,12.1211,-77.0292
804,Aeropuerto Jorge Chavez #804,11.9761,-77.1143
805,Miraflores Mall #805,12.1219,-77.0289
806,Barranco Plaza #806,12.1493,-77.0217
807,San Isidro Park #807,12.0975,-77.0353
808,Chorrillos Beach #808,12.1785,-77.0219
809,La Molina Uni #809,12.0850,-76.9488
810,Surco Center #810,12.1372,-76.9939
811,Restaurante El Sol #811,12.0464,-77.0428
812,Hotel Lima Centro #812,12.0553,-77.0311
813,Parque Kennedy #813,12.1211,-77.0292
814,Aeropuerto Jorge Chavez #814,11.9761,-77.1143
815,Miraflores Mall #815,12.1219,-77.0289
816,Barranco Plaza #816,12.1493,-77.0217
817,San Isidro Park #817,12.0975,-77.0353
818,Chorrillos Beach #818,12.1785,-77.0219
819,La Molina Uni #819,12.0850,-76.9488
820,Surco Center #820,12.1372,-76.9939
821,Restaurante El Sol #821,12.0464,-77.0428
822,Hotel Lima Centro #822,12.0553,-77.0311
823,Parque Kennedy #823,12.1211,-77.0292
824,Aeropuerto Jorge Chavez #824,11.9761,-77.1143
825,Miraflores Mall #825,12.1219,-77.0289
826,Barranco Plaza #826,12.1493,-77.0217
827,San Isidro Park #827,12.0975,-77.0353
828,Chorrillos Beach #828,12.1785,-77.0219
829,La Molina Uni #829,12.0850,-76.9488
830,Surco Center #830,12.1372,-76.9939
831,Restaurante El Sol #831,12.0464,-77.0428
832,Hotel Lima Centro #832,12.0553,-77.0311
833,Parque Kennedy #833,12.1211,-77.0292
834,Aeropuerto Jorge Chavez #834,11.9761,-77.1143
835,Miraflores Mall #835,12.1219,-77.0289
836,Barranco Plaza #836,12.1493,-77.0217
837,San Isidro Park #837,12.0975,-77.0353
838,Chorrillos Beach #838,12.1785,-77.0219
839,La Molina Uni #839,12.0850,-76.9488
840,Surco Center #840,12.1372,-76.9939
841,Restaurante El Sol #841,12.0464,-77.0428
842,Hotel Lima Centro #842,12.0553,-77.0311
843,Parque Kennedy #843,12.1211,-77.0292
844,Aeropuerto Jorge Chavez #844,11.9761,-77.1143
845,Miraflores Mall #845,12.1219,-77.0289
846,Barranco Plaza #846,12.1493,-77.0217
847,San Isidro Park #847,12.0975,-77.0353
848,Chorrillos Beach #848,12.1785,-77.0219
849,La Molina Uni #849,12.0850,-76.9488
850,Surco Center #850,12.1372,-76.9939
851,Restaurante El Sol #851,12.0464,-77.0428
852,Hotel Lima Centro #852,12.0553,-77.0311
853,Parque Kennedy #853,12.1211,-77.0292
854,Aeropuerto Jorge Chavez #854,11.9761,-77.1143
855,Miraflores Mall #855,12.1219,-77.0289
856,Barranco Plaza #856,12.1493,-77.0217
857,San Isidro Park #857,12.0975,-77.0353
858,Chorrillos Beach #858,12.1785,-77.0219
859,La Molina Uni #859,12.0850,-76.9488
860,Surco Center #860,12.1372,-76.9939
861,Restaurante El Sol #861,12.0464,-77.0428
862,Hotel Lima Centro #862,12.0553,-77.0311
863,Parque Kennedy #863,12.1211,-77.0292
864,Aeropuerto Jorge Chavez #864,11.9761,-77.1143
865,Miraflores Mall #865,12.1219,-77.0289
866,Barranco Plaza #866,12.1493,-77.0217
867,San Isidro Park #867,12.0975,-77.0353
868,Chorrillos Beach #868,12.1785,-77.0219
869,La Molina Uni #869,12.0850,-76.9488
870,Surco Center #870,12.1372,-76.9939
871,Restaurante El Sol #871,12.0464,-77.0428
872,Hotel Lima Centro #872,12.0553,-77.0311
873,Parque Kennedy #873,12.1211,-77.0292
874,Aeropuerto Jorge Chavez #874,11.9761,-77.1143
875,Miraflores Mall #875,12.1219,-77.0289
876,Barranco Plaza #876,12.1493,-77.0217
877,San Isidro Park #877,12.0975,-77.0353
878,Chorrillos Beach #878,12.1785,-77.0219
879,La Molina Uni #879,12.0850,-76.9488
880,Surco Center #880,12.1372,-76.9939
881,Restaurante El Sol #881,12.0464,-77.0428
882,Hotel Lima Centro #882,12.0553,-77.0311
883,Parque Kennedy #883,12.1211,-77.0292
884,Aeropuerto Jorge Chavez #884,11.9761,-77.1143
885,Miraflores Mall #885,12.1219,-77.0289
886,Barranco Plaza #886,12.1493,-77.0217
887,San Isidro Park #887,12.0975,-77.0353
888,Chorrillos Beach #888,12.1785,-77.0219
889,La Molina Uni #889,12.0850,-76.9488
890,Surco Center #890,12.1372,-76.9939
891,Restaurante El Sol #891,12.0464,-77.0428
892,Hotel Lima Centro #892,12.0553,-77.0311
893,Parque Kennedy #893,12.1211,-77.0292
894,Aeropuerto Jorge Chavez #894,11.9761,-77.1143
895,Miraflores Mall #895,12.1219,-77.0289
896,Barranco Plaza #896,12.1493,-77.0217
897,San Isidro Park #897,12.0975,-77.0353
898,Chorrillos Beach #898,12.1785,-77.0219
899,La Molina Uni #899,12.0850,-76.9488
900,Surco Center #900,12.1372,-76.9939
901,Restaurante El Sol #901,12.0464,-77.0428
902,Hotel Lima Centro #902,12.0553,-77.0311
903,Parque Kennedy #903,12.1211,-77.0292
904,Aeropuerto Jorge Chavez #904,11.9761,-77.1143
905,Miraflores Mall #905,12.1219,-77.0289
906,Barranco Plaza #906,12.1493,-77.0217
907,San Isidro Park #907,12.0975,-77.0353
908,Chorrillos Beach #908,12.1785,-77.0219
909,La Molina Uni #909,12.0850,-76.9488
910,Surco Center #910,12.1372,-76.9939
911,Restaurante El Sol #911,12.0464,-77.0428
912,Hotel Lima Centro #912,12.0553,-77.0311
913,Parque Kennedy #913,12.1211,-77.0292
914,Aeropuerto Jorge Chavez #914,11.9761,-77.1143
915,Miraflores Mall #915,12.1219,-77.0289
916,Barranco Plaza #916,12.1493,-77.0217
917,San Isidro Park #917,12.0975,-77.0353
918,Chorrillos Beach #918,12.1785,-77.0219
919,La Molina Uni #919,12.0850,-76.9488
920,Surco Center #920,12.1372,-76.9939
921,Restaurante El Sol #921,12.0464,-77.0428
922,Hotel Lima Centro #922,12.0553,-77.0311
923,Parque Kennedy #923,12.1211,-77.0292
924,Aeropuerto Jorge Chavez #924,11.9761,-77.1143
925,Miraflores Mall #925,12.1219,-77.0289
926,Barranco Plaza #926,12.1493,-77.0217
927,San Isidro Park #927,12.0975,-77.0353
928,Chorrillos Beach #928,12.1785,-77.0219
929,La Molina Uni #929,12.0850,-76.9488
930,Surco Center #930,12.1372,-76.9939
931,Restaurante El Sol #931,12.0464,-77.0428
932,Hotel Lima Centro #932,12.0553,-77.0311
933,Parque Kennedy #933,12.1211,-77.0292
934,Aeropuerto Jorge Chavez #934,11.9761,-77.1143
935,Miraflores Mall #935,12.1219,-77.0289
936,Barranco Plaza #936,12.1493,-77.0217
937,San Isidro Park #937,12.0975,-77.0353
938,Chorrillos Beach #938,12.1785,-77.0219
939,La Molina Uni #939,12.0850,-76.9488
940,Surco Center #940,12.1372,-76.9939
941,Restaurante El Sol #941,12.0464,-77.0428
942,Hotel Lima Centro #942,12.0553,-77.0311
943,Parque Kennedy #943,12.1211,-77.0292
944,Aeropuerto Jorge Chavez #944,11.9761,-77.1143
945,Miraflores Mall #945,12.1219,-77.0289
946,Barranco Plaza #946,12.1493,-77.0217
947,San Isidro Park #947,12.0975,-77.0353
948,Chorrillos Beach #948,12.1785,-77.0219
949,La Molina Uni #949,12.0850,-76.9488
950,Surco Center #950,12.1372,-76.9939
951,Restaurante El Sol #951,12.0464,-77.0428
952,Hotel Lima Centro #952,12.0553,-77.0311
953,Parque Kennedy #953,12.1211,-77.0292
954,Aeropuerto Jorge Chavez #954,11.9761,-77.1143
955,Miraflores Mall #955,12.1219,-77.0289
956,Barranco Plaza #956,12.1493,-77.0217
957,San Isidro Park #957,12.0975,-77.0353
958,Chorrillos Beach #958,12.1785,-77.0219
959,La Molina Uni #959,12.0850,-76.9488
960,Surco Center #960,12.1372,-76.9939
961,Restaurante El Sol #961,12.0464,-77.0428
962,Hotel Lima Centro #962,12.0553,-77.0311
963,Parque Kennedy #963,12.1211,-77.0292
964,Aeropuerto Jorge Chavez #964,11.9761,-77.1143
965,Miraflores Mall #965,12.1219,-77.0289
966,Barranco Plaza #966,12.1493,-77.0217
967,San Isidro Park #967,12.0975,-77.0353
968,Chorrillos Beach #968,12.1785,-77.0219
969,La Molina Uni #969,12.0850,-76.9488
970,Surco Center #970,12.1372,-76.9939
971,Restaurante El Sol #971,12.0464,-77.0428
972,Hotel Lima Centro #972,12.0553,-77.0311
973,Parque Kennedy #973,12.1211,-77.0292
974,Aeropuerto Jorge Chavez #974,11.9761,-77.1143
975,Miraflores Mall #975,12.1219,-77.0289
976,Barranco Plaza #976,12.1493,-77.0217
977,San Isidro Park #977,12.0975,-77.0353
978,Chorrillos Beach #978,12.1785,-77.0219
979,La Molina Uni #979,12.0850,-76.9488
980,Surco Center #980,12.1372,-76.9939
981,Restaurante El Sol #981,12.0464,-77.0428
982,Hotel Lima Centro #982,12.0553,-77.0311
983,Parque Kennedy #983,12.1211,-77.0292
984,Aeropuerto Jorge Chavez #984,11.9761,-77.1143
985,Miraflores Mall #985,12.1219,-77.0289
986,Barranco Plaza #986,12.1493,-77.0217
987,San Isidro Park #987,12.0975,-77.0353
988,Chorrillos Beach #988,12.1785,-77.0219
989,La Molina Uni #989,12.0850,-76.9488
990,Surco Center #990,12.1372,-76.9939
991,Restaurante El Sol #991,12.0464,-77.0428
992,Hotel Lima Centro #992,12.0553,-77.0311
993,Parque Kennedy #993,12.1211,-77.0292
994,Aeropuerto Jorge Chavez #994,11.9761,-77.1143
995,Miraflores Mall #995,12.1219,-77.0289
996,Barranco Plaza #996,12.1493,-77.0217
997,San Isidro Park #997,12.0975,-77.0353
998,Chorrillos Beach #998,12.1785,-77.0219
999,La Molina Uni #999,12.0850,-76.9488
1000,Surco Center #1000,12.1372,-76.9939
