"id","name","gender","category","subcategory","article_type","color","season","usage","image_path"
"17359","Arrow Men Formal Purple Tie+Cufflink+Pocket square - Combo Pack","Men","Accessories","Accessories","Accessory Gift Set","Purple","Fall","Formal","datasets/fashion-ecommerce-500/images/17359.jpg"
"17360","Arrow Men Formal Red Tie+Cufflink+Pocket square - Combo Pack","Men","Accessories","Accessories","Accessory Gift Set","Red","Fall","Formal","datasets/fashion-ecommerce-500/images/17360.jpg"
"17361","Arrow Men Formal Purple Tie+Cufflink+Pocket square - Combo Pack","Men","Accessories","Accessories","Accessory Gift Set","Purple","Fall","Formal","datasets/fashion-ecommerce-500/images/17361.jpg"
"17362","Arrow Men Formal Maroon Tie+Cufflink+Pocket square - Combo Pack","Men","Accessories","Accessories","Accessory Gift Set","Maroon","Fall","Formal","datasets/fashion-ecommerce-500/images/17362.jpg"
"17363","Arrow Men Formal Maroon Tie+Cufflink+Pocket square - Combo Pack","Men","Accessories","Accessories","Accessory Gift Set","Maroon","Fall","Formal","datasets/fashion-ecommerce-500/images/17363.jpg"
"17364","Arrow Men Formal Red Tie+Cufflink+Pocket square - Combo Pack","Men","Accessories","Accessories","Accessory Gift Set","Red","Fall","Formal","datasets/fashion-ecommerce-500/images/17364.jpg"
"17365","Arrow Men Formal Blue Tie+Cufflink+Pocket square - Combo Pack","Men","Accessories","Accessories","Accessory Gift Set","Blue","Fall","Formal","datasets/fashion-ecommerce-500/images/17365.jpg"
"17366","Arrow Men Formal Blue Tie+Cufflink+Pocket square - Combo Pack","Men","Accessories","Accessories","Accessory Gift Set","Blue","Fall","Formal","datasets/fashion-ecommerce-500/images/17366.jpg"
"17367","Arrow Men Formal Maroon Tie+Cufflink+Pocket square - Combo Pack","Men","Accessories","Accessories","Accessory Gift Set","Maroon","Fall","Formal","datasets/fashion-ecommerce-500/images/17367.jpg"
"17368","Arrow Men Formal Maroon Tie+Cufflink+Pocket square - Combo Pack","Men","Accessories","Accessories","Accessory Gift Set","Maroon","Fall","Formal","datasets/fashion-ecommerce-500/images/17368.jpg"
"17369","Arrow Men Formal Purple Tie+Cufflink+Pocket square - Combo Pack","Men","Accessories","Accessories","Accessory Gift Set","Purple","Fall","Formal","datasets/fashion-ecommerce-500/images/17369.jpg"
"17370","Arrow Men Formal Purple Tie+Cufflink+Pocket square - Combo Pack","Men","Accessories","Accessories","Accessory Gift Set","Purple","Fall","Formal","datasets/fashion-ecommerce-500/images/17370.jpg"
"17371","Arrow Men Formal Red Tie+Cufflink+Pocket square - Combo Pack","Men","Accessories","Accessories","Accessory Gift Set","Red","Fall","Formal","datasets/fashion-ecommerce-500/images/17371.jpg"
"17372","Arrow Men Formal Maroon Tie+Cufflink+Pocket square - Combo Pack","Men","Accessories","Accessories","Accessory Gift Set","Maroon","Fall","Formal","datasets/fashion-ecommerce-500/images/17372.jpg"
"17373","Arrow Men Formal Purple Tie+Cufflink+Pocket square - Combo Pack","Men","Accessories","Accessories","Accessory Gift Set","Purple","Fall","Formal","datasets/fashion-ecommerce-500/images/17373.jpg"
"17374","Arrow Men Formal Purple Tie+Cufflink+Pocket square - Combo Pack","Men","Accessories","Accessories","Accessory Gift Set","Purple","Fall","Formal","datasets/fashion-ecommerce-500/images/17374.jpg"
"17375","Arrow Men Formal Purple Tie+Cufflink+Pocket square - Combo Pack","Men","Accessories","Accessories","Accessory Gift Set","Purple","Fall","Formal","datasets/fashion-ecommerce-500/images/17375.jpg"
"17376","Arrow Men Formal Red Tie+Cufflink+Pocket square - Combo Pack","Men","Accessories","Accessories","Accessory Gift Set","Red","Fall","Formal","datasets/fashion-ecommerce-500/images/17376.jpg"
"17377","Arrow Men Formal Purple Tie+Cufflink+Pocket square - Combo Pack","Men","Accessories","Accessories","Accessory Gift Set","Purple","Fall","Formal","datasets/fashion-ecommerce-500/images/17377.jpg"
"17378","Arrow Men Formal Purple Tie+Cufflink+Pocket square - Combo Pack","Men","Accessories","Accessories","Accessory Gift Set","Purple","Fall","Formal","datasets/fashion-ecommerce-500/images/17378.jpg"
"17379","Arrow Men Formal Blue Tie+Cufflink+Pocket square - Combo Pack","Men","Accessories","Accessories","Accessory Gift Set","Blue","Fall","Formal","datasets/fashion-ecommerce-500/images/17379.jpg"
"19926","Reid & Taylor Men Formal Black Tie+Cufflink+Pocket square - Combo Pack","Men","Accessories","Accessories","Accessory Gift Set","Black","Fall","Formal","datasets/fashion-ecommerce-500/images/19926.jpg"
"19929","Reid & Taylor Men Formal Blue Tie+Cufflink+Pocket square - Combo Pack","Men","Accessories","Accessories","Accessory Gift Set","Blue","Fall","Formal","datasets/fashion-ecommerce-500/images/19929.jpg"
"19930","Reid & Taylor Men Formal Blue Tie+Cufflink+Pocket square - Combo Pack","Men","Accessories","Accessories","Accessory Gift Set","Blue","Fall","Formal","datasets/fashion-ecommerce-500/images/19930.jpg"
"19931","Reid & Taylor Men Formal Maroon Tie+Cufflink+Pocket square - Combo Pack","Men","Accessories","Accessories","Accessory Gift Set","Maroon","Fall","Formal","datasets/fashion-ecommerce-500/images/19931.jpg"
"19932","Reid & Taylor Men Formal Maroon Tie+Cufflink+Pocket square - Combo Pack","Men","Accessories","Accessories","Accessory Gift Set","Maroon","Fall","Formal","datasets/fashion-ecommerce-500/images/19932.jpg"
"19933","Reid & Taylor Men Formal Red Tie+Cufflink+Pocket square - Combo Pack","Men","Accessories","Accessories","Accessory Gift Set","Red","Fall","Formal","datasets/fashion-ecommerce-500/images/19933.jpg"
"19934","Reid & Taylor Men Formal Blue  Tie+Cufflink+Pocket square - Combo Pack","Men","Accessories","Accessories","Accessory Gift Set","Blue","Fall","Formal","datasets/fashion-ecommerce-500/images/19934.jpg"
"19935","Reid & Taylor Men Formal Purple Tie+Cufflink+Pocket square - Combo Pack","Men","Accessories","Accessories","Accessory Gift Set","Purple","Fall","Formal","datasets/fashion-ecommerce-500/images/19935.jpg"
"19936","Reid & Taylor Men Formal Brown Tie+Cufflink+Pocket square - Combo Pack","Men","Accessories","Accessories","Accessory Gift Set","Brown","Fall","Formal","datasets/fashion-ecommerce-500/images/19936.jpg"
"19937","Reid & Taylor Men Formal Blue Tie+Cufflink+Pocket square - Combo Pack","Men","Accessories","Accessories","Accessory Gift Set","Blue","Fall","Formal","datasets/fashion-ecommerce-500/images/19937.jpg"
"23099","Turtle Men Maroon Accessory Gift Set","Men","Accessories","Accessories","Accessory Gift Set","Maroon","Fall","Formal","datasets/fashion-ecommerce-500/images/23099.jpg"
"23100","Turtle Men Formal Navy Blue Tie","Men","Accessories","Accessories","Accessory Gift Set","Navy Blue","Fall","Formal","datasets/fashion-ecommerce-500/images/23100.jpg"
"23101","Turtle Men Formal Pink Tie","Men","Accessories","Accessories","Accessory Gift Set","Pink","Fall","Formal","datasets/fashion-ecommerce-500/images/23101.jpg"
"23102","Turtle Men Formal Blue Tie Cufflink & Pocket Square Set","Men","Accessories","Accessories","Accessory Gift Set","Blue","Fall","Formal","datasets/fashion-ecommerce-500/images/23102.jpg"
"23103","Turtle Men Formal Black Tie","Men","Accessories","Accessories","Accessory Gift Set","Black","Fall","Formal","datasets/fashion-ecommerce-500/images/23103.jpg"
"23104","Turtle Men Formal Red Accessory Gift Set","Men","Accessories","Accessories","Accessory Gift Set","Red","Winter","Formal","datasets/fashion-ecommerce-500/images/23104.jpg"
"23105","Turtle Men Grey Accessory Gift Set","Men","Accessories","Accessories","Accessory Gift Set","Grey","Fall","Formal","datasets/fashion-ecommerce-500/images/23105.jpg"
"23106","Turtle Men Formal Maroon Accessory Gift Set","Men","Accessories","Accessories","Accessory Gift Set","Maroon","Winter","Formal","datasets/fashion-ecommerce-500/images/23106.jpg"
"23107","Turtle Men Formal Purple Tie","Men","Accessories","Accessories","Accessory Gift Set","Purple","Fall","Formal","datasets/fashion-ecommerce-500/images/23107.jpg"
"23108","Turtle Men Formal Purple Tie","Men","Accessories","Accessories","Accessory Gift Set","Purple","Fall","Formal","datasets/fashion-ecommerce-500/images/23108.jpg"
"23109","Turtle Men Formal Purple Tie","Men","Accessories","Accessories","Accessory Gift Set","Purple","Fall","Formal","datasets/fashion-ecommerce-500/images/23109.jpg"
"23110","Turtle Men Formal Blue Tie","Men","Accessories","Accessories","Accessory Gift Set","Blue","Fall","Formal","datasets/fashion-ecommerce-500/images/23110.jpg"
"23111","Turtle Men Formal Yellow Tie","Men","Accessories","Accessories","Accessory Gift Set","Yellow","Fall","Formal","datasets/fashion-ecommerce-500/images/23111.jpg"
"23112","Turtle Men Formal Red Tie","Men","Accessories","Accessories","Accessory Gift Set","Red","Fall","Formal","datasets/fashion-ecommerce-500/images/23112.jpg"
"23113","Turtle Men Purple Accessory Gift Set","Men","Accessories","Accessories","Accessory Gift Set","Purple","Fall","Formal","datasets/fashion-ecommerce-500/images/23113.jpg"
"23114","Turtle Men Formal Black Tie","Men","Accessories","Accessories","Accessory Gift Set","Black","Fall","Formal","datasets/fashion-ecommerce-500/images/23114.jpg"
"23115","Turtle Men Formal Blue Tie","Men","Accessories","Accessories","Accessory Gift Set","Blue","Fall","Formal","datasets/fashion-ecommerce-500/images/23115.jpg"
"23116","Turtle Men Formal Red Tie","Men","Accessories","Accessories","Accessory Gift Set","Red","Fall","Formal","datasets/fashion-ecommerce-500/images/23116.jpg"
"23117","Turtle Men Formal Blue Tie","Men","Accessories","Accessories","Accessory Gift Set","Blue","Fall","Formal","datasets/fashion-ecommerce-500/images/23117.jpg"
"23118","Turtle Men Formal Red Tie","Men","Accessories","Accessories","Accessory Gift Set","Red","Fall","Formal","datasets/fashion-ecommerce-500/images/23118.jpg"
"25045","Lino Perros Men Formal Blue Red Accessory Gift Set","Men","Accessories","Accessories","Accessory Gift Set","Blue","Winter","Formal","datasets/fashion-ecommerce-500/images/25045.jpg"
"25046","Lino Perros Men Formal Yellow Accessory Gift Set","Men","Accessories","Accessories","Accessory Gift Set","Blue","Winter","Formal","datasets/fashion-ecommerce-500/images/25046.jpg"
"25047","Lino Perros Men Formal Blue Accessory Gift Set","Men","Accessories","Accessories","Accessory Gift Set","Blue","Winter","Formal","datasets/fashion-ecommerce-500/images/25047.jpg"
"25048","Lino Perros Men Formal Purple Accessory Gift Set","Men","Accessories","Accessories","Accessory Gift Set","Purple","Winter","Formal","datasets/fashion-ecommerce-500/images/25048.jpg"
"25049","Lino Perros Men Formal Grey Accessory Gift Set","Men","Accessories","Accessories","Accessory Gift Set","Grey","Winter","Formal","datasets/fashion-ecommerce-500/images/25049.jpg"
"25050","Lino Perros Men Formal Brown Accessory Gift Set","Men","Accessories","Accessories","Accessory Gift Set","Brown","Winter","Formal","datasets/fashion-ecommerce-500/images/25050.jpg"
"25051","Lino Perros Men Formal Purple Accessory Gift Set","Men","Accessories","Accessories","Accessory Gift Set","Purple","Winter","Formal","datasets/fashion-ecommerce-500/images/25051.jpg"
"25053","Lino Perros Men Formal Brown Accessory Gift Set","Men","Accessories","Accessories","Accessory Gift Set","Brown","Winter","Formal","datasets/fashion-ecommerce-500/images/25053.jpg"
"25054","Lino Perros Men Formal Purple Accessory Gift Set","Men","Accessories","Accessories","Accessory Gift Set","Purple","Winter","Formal","datasets/fashion-ecommerce-500/images/25054.jpg"
"25055","Lino Perros Men Formal Brown Accessory Gift Set","Men","Accessories","Accessories","Accessory Gift Set","Brown","Winter","Formal","datasets/fashion-ecommerce-500/images/25055.jpg"
"25056","Lino Perros Men Formal Blue Accessory Gift Set","Men","Accessories","Accessories","Accessory Gift Set","Blue","Winter","Formal","datasets/fashion-ecommerce-500/images/25056.jpg"
"25057","Lino Perros Men Formal Yellow Accessory Gift Set","Men","Accessories","Accessories","Accessory Gift Set","Yellow","Winter","Formal","datasets/fashion-ecommerce-500/images/25057.jpg"
"25058","Lino Perros Men Formal Blue Accessory Gift Set","Men","Accessories","Accessories","Accessory Gift Set","Blue","Winter","Formal","datasets/fashion-ecommerce-500/images/25058.jpg"
"25059","Lino Perros Men Formal Purple Accessory Gift Set","Men","Accessories","Accessories","Accessory Gift Set","Purple","Winter","Formal","datasets/fashion-ecommerce-500/images/25059.jpg"
"25060","Lino Perros Men Formal Purple Accessory Gift Set","Men","Accessories","Accessories","Accessory Gift Set","Purple","Winter","Formal","datasets/fashion-ecommerce-500/images/25060.jpg"
"25061","Lino Perros Men Formal Purple Accessory Gift Set","Men","Accessories","Accessories","Accessory Gift Set","Purple","Winter","Formal","datasets/fashion-ecommerce-500/images/25061.jpg"
"25062","Lino Perros Men Formal Brown Accessory Gift Set","Men","Accessories","Accessories","Accessory Gift Set","Brown","Winter","Formal","datasets/fashion-ecommerce-500/images/25062.jpg"
"25063","Lino Perros Men Formal Navy Blue/Red Accessory Gift Set","Men","Accessories","Accessories","Accessory Gift Set","Navy Blue","Winter","Formal","datasets/fashion-ecommerce-500/images/25063.jpg"
"25064","Lino Perros Men Formal Brown Accessory Gift Set","Men","Accessories","Accessories","Accessory Gift Set","Brown","Winter","Formal","datasets/fashion-ecommerce-500/images/25064.jpg"
"25065","Lino Perros Men Formal Brown Accessory Gift Set","Men","Accessories","Accessories","Accessory Gift Set","Brown","Winter","Formal","datasets/fashion-ecommerce-500/images/25065.jpg"
"25066","Lino Perros Men Formal Turquoise Blue Accessory Gift Set","Men","Accessories","Accessories","Accessory Gift Set","Turquoise Blue","Winter","Formal","datasets/fashion-ecommerce-500/images/25066.jpg"
"25067","Lino Perros Men Formal Black Accessory Gift Set","Men","Accessories","Accessories","Accessory Gift Set","Black","Winter","Formal","datasets/fashion-ecommerce-500/images/25067.jpg"
"25068","Lino Perros Men Formal Maroon Accessory Gift Set","Men","Accessories","Accessories","Accessory Gift Set","Maroon","Winter","Formal","datasets/fashion-ecommerce-500/images/25068.jpg"
"25069","Lino Perros Men Formal Blue Accessory Gift Set","Men","Accessories","Accessories","Accessory Gift Set","Blue","Winter","Formal","datasets/fashion-ecommerce-500/images/25069.jpg"
"25070","Lino Perros Men Formal Blue Accessory Gift Set","Men","Accessories","Accessories","Accessory Gift Set","Blue","Winter","Formal","datasets/fashion-ecommerce-500/images/25070.jpg"
"25071","Lino Perros Men Formal Brown Accessory Gift Set","Men","Accessories","Accessories","Accessory Gift Set","Brown","Winter","Formal","datasets/fashion-ecommerce-500/images/25071.jpg"
"25072","Lino Perros Men Formal Pink Accessory Gift Set","Men","Accessories","Accessories","Accessory Gift Set","Pink","Winter","Formal","datasets/fashion-ecommerce-500/images/25072.jpg"
"25073","Lino Perros Men Formal Maroon Accessory Gift Set","Men","Accessories","Accessories","Accessory Gift Set","Maroon","Winter","Formal","datasets/fashion-ecommerce-500/images/25073.jpg"
"25074","Lino Perros Men Formal Black Accessory Gift Set","Men","Accessories","Accessories","Accessory Gift Set","Black","Winter","Formal","datasets/fashion-ecommerce-500/images/25074.jpg"
"25075","Lino Perros Men Formal Maroon Accessory Gift Set","Men","Accessories","Accessories","Accessory Gift Set","Maroon","Winter","Formal","datasets/fashion-ecommerce-500/images/25075.jpg"
"25076","Lino Perros Men Formal Black Accessory Gift Set","Men","Accessories","Accessories","Accessory Gift Set","Black","Winter","Formal","datasets/fashion-ecommerce-500/images/25076.jpg"
"25077","Lino Perros Men Formal Navy Blue Accessory Gift Set","Men","Accessories","Accessories","Accessory Gift Set","Navy Blue","Winter","Formal","datasets/fashion-ecommerce-500/images/25077.jpg"
"25078","Lino Perros Men Formal Black Accessory Gift Set","Men","Accessories","Accessories","Accessory Gift Set","Black","Winter","Formal","datasets/fashion-ecommerce-500/images/25078.jpg"
"25079","Lino Perros Men Formal Maroon Accessory Gift Set","Men","Accessories","Accessories","Accessory Gift Set","Maroon","Winter","Formal","datasets/fashion-ecommerce-500/images/25079.jpg"
"25080","Lino Perros Men Formal Black Accessory Gift Set","Men","Accessories","Accessories","Accessory Gift Set","Black","Winter","Formal","datasets/fashion-ecommerce-500/images/25080.jpg"
"25081","Lino Perros Men Formal Black Accessory Gift Set","Men","Accessories","Accessories","Accessory Gift Set","Black","Winter","Formal","datasets/fashion-ecommerce-500/images/25081.jpg"
"25082","Lino Perros Men Formal Black Accessory Gift Set","Men","Accessories","Accessories","Accessory Gift Set","Black","Winter","Formal","datasets/fashion-ecommerce-500/images/25082.jpg"
"25083","Lino Perros Men Formal Red Accessory Gift Set","Men","Accessories","Accessories","Accessory Gift Set","Red","Winter","Formal","datasets/fashion-ecommerce-500/images/25083.jpg"
"25084","Lino Perros Men Formal Grey Accessory Gift Set","Men","Accessories","Accessories","Accessory Gift Set","Grey","Winter","Formal","datasets/fashion-ecommerce-500/images/25084.jpg"
"31182","Cabarelli Men Black Accessory Gift Set","Men","Accessories","Accessories","Accessory Gift Set","Black","Summer","Casual","datasets/fashion-ecommerce-500/images/31182.jpg"
"31183","Cabarelli Men Accessory Gift Set","Men","Accessories","Accessories","Accessory Gift Set","Brown","Summer","Casual","datasets/fashion-ecommerce-500/images/31183.jpg"
"31184","Cabarelli Men Accessory Gift Set","Men","Accessories","Accessories","Accessory Gift Set","Black","Summer","Casual","datasets/fashion-ecommerce-500/images/31184.jpg"
"31185","Cabarelli Men Accessory Gift Set","Men","Accessories","Accessories","Accessory Gift Set","Brown","Summer","Casual","datasets/fashion-ecommerce-500/images/31185.jpg"
"31186","Cabarelli Men Accessory Gift Set","Men","Accessories","Accessories","Accessory Gift Set","Black","Summer","Casual","datasets/fashion-ecommerce-500/images/31186.jpg"
"31187","Cabarelli Men Accessory Gift Set","Men","Accessories","Accessories","Accessory Gift Set","Black","Summer","Casual","datasets/fashion-ecommerce-500/images/31187.jpg"
"31190","Cabarelli Men Accessory Gift Set","Men","Accessories","Accessories","Accessory Gift Set","Brown","Summer","Casual","datasets/fashion-ecommerce-500/images/31190.jpg"
"31191","Cabarelli Men Accessory Gift Set","Men","Accessories","Accessories","Accessory Gift Set","Brown","Summer","Casual","datasets/fashion-ecommerce-500/images/31191.jpg"
"31192","Cabarelli Men Accessory Gift Set","Men","Accessories","Accessories","Accessory Gift Set","Brown","Summer","Casual","datasets/fashion-ecommerce-500/images/31192.jpg"
"31193","Cabarelli Men Accessory Gift Set","Men","Accessories","Accessories","Accessory Gift Set","Brown","Summer","Casual","datasets/fashion-ecommerce-500/images/31193.jpg"
"31200","Cabarelli Men Accessory Gift Set","Men","Accessories","Accessories","Accessory Gift Set","Brown","Summer","Casual","datasets/fashion-ecommerce-500/images/31200.jpg"
"31201","Cabarelli Men Black Accessory Gift Set","Men","Accessories","Accessories","Accessory Gift Set","Black","Summer","Casual","datasets/fashion-ecommerce-500/images/31201.jpg"
"31202","Cabarelli Men Brown Accessory Gift Set","Men","Accessories","Accessories","Accessory Gift Set","Brown","Summer","Casual","datasets/fashion-ecommerce-500/images/31202.jpg"
"31204","Cabarelli Men Brown Accessory Gift Set","Men","Accessories","Accessories","Accessory Gift Set","Brown","Summer","Casual","datasets/fashion-ecommerce-500/images/31204.jpg"
"31206","Cabarelli Men Brown Accessory Gift Set","Men","Accessories","Accessories","Accessory Gift Set","Brown","Summer","Casual","datasets/fashion-ecommerce-500/images/31206.jpg"
"37638","Wills Lifestyle Men Leather Accessory Gift Set","Men","Accessories","Accessories","Accessory Gift Set","Tan","Summer","Casual","datasets/fashion-ecommerce-500/images/37638.jpg"
"58920","Hakashi Men Combo pack Tie+Cufflink+Pocket square","Men","Accessories","Accessories","Accessory Gift Set","Maroon","Summer","Casual","datasets/fashion-ecommerce-500/images/58920.jpg"
"58921","Hakashi Men Combo pack Tie+Cufflink+Pocket square","Men","Accessories","Accessories","Accessory Gift Set","Multi","Summer","Casual","datasets/fashion-ecommerce-500/images/58921.jpg"
"58922","Hakashi Men Black Combo pack Tie+Cufflink+Pocket square","Men","Accessories","Accessories","Accessory Gift Set","Black","Summer","Casual","datasets/fashion-ecommerce-500/images/58922.jpg"
"58923","Hakashi Men Combo pack Tie+Cufflink+Pocket square","Men","Accessories","Accessories","Accessory Gift Set","Black","Summer","Casual","datasets/fashion-ecommerce-500/images/58923.jpg"
"58924","Hakashi Men Combo pack Tie+Cufflink+Pocket square","Men","Accessories","Accessories","Accessory Gift Set","Red","Summer","Casual","datasets/fashion-ecommerce-500/images/58924.jpg"
"58600","ToniQ Women Pink Hair Accessories","Women","Accessories","Accessories","Hair Accessory","Pink","Winter","Casual","datasets/fashion-ecommerce-500/images/58600.jpg"
"42066","American Tourister Unisex Black Key Case","Unisex","Accessories","Accessories","Key chain","Black","Summer","Casual","datasets/fashion-ecommerce-500/images/42066.jpg"
"43230","Wildcraft Unisex Black & Grey Carabiner Key Chain","Unisex","Accessories","Accessories","Key chain","Black","Winter","Casual","datasets/fashion-ecommerce-500/images/43230.jpg"
"15654","Belkin Unisex Black Messenger Bag","Unisex","Accessories","Accessories","Messenger Bag","Black","Fall","Casual","datasets/fashion-ecommerce-500/images/15654.jpg"
"35888","Jungle Book Boys Baby Red Clothing Set","Boys","Apparel","Apparel Set","Clothing Set","Red","Summer","Casual","datasets/fashion-ecommerce-500/images/35888.jpg"
"35895","Jungle Book Boys Baby Blue Clothing Set","Boys","Apparel","Apparel Set","Clothing Set","Blue","Summer","Casual","datasets/fashion-ecommerce-500/images/35895.jpg"
"36745","Little Miss Girls Sunshine Red Clothing Set","Girls","Apparel","Apparel Set","Clothing Set","Red","Summer","Casual","datasets/fashion-ecommerce-500/images/36745.jpg"
"36746","Mr.Men Boys Weeee!! White Clothing Set","Boys","Apparel","Apparel Set","Clothing Set","White","Summer","Casual","datasets/fashion-ecommerce-500/images/36746.jpg"
"36747","Mr.Men Boys I Am Sleeping White Clothing Set","Boys","Apparel","Apparel Set","Clothing Set","White","Summer","Casual","datasets/fashion-ecommerce-500/images/36747.jpg"
"36748","Mr.Men Boys Mr. Small Blue Clothing Set","Boys","Apparel","Apparel Set","Clothing Set","Blue","Summer","Casual","datasets/fashion-ecommerce-500/images/36748.jpg"
"36752","Little Miss Girls Blazing Yellow Clothing Set","Girls","Apparel","Apparel Set","Clothing Set","Yellow","Summer","Casual","datasets/fashion-ecommerce-500/images/36752.jpg"
"36753","Little Miss Girls Chatterbox Blue Clothing Set","Girls","Apparel","Apparel Set","Clothing Set","Blue","Summer","Casual","datasets/fashion-ecommerce-500/images/36753.jpg"
"12780","Mother Earth Women Cotton Brown Salwar Suit","Women","Apparel","Apparel Set","Kurta Sets","Brown","Fall","Ethnic","datasets/fashion-ecommerce-500/images/12780.jpg"
"12781","Mother Earth Women Cotton Black Salwar Suit","Women","Apparel","Apparel Set","Kurta Sets","Black","Fall","Ethnic","datasets/fashion-ecommerce-500/images/12781.jpg"
"21907","Biba Women Blue Printed Churidar Kurta with Dupatta","Women","Apparel","Apparel Set","Kurta Sets","Blue","Fall","Ethnic","datasets/fashion-ecommerce-500/images/21907.jpg"
"21908","Biba Women Blue & Pink Churidar Kurta with Dupatta","Women","Apparel","Apparel Set","Kurta Sets","Blue","Fall","Ethnic","datasets/fashion-ecommerce-500/images/21908.jpg"
"21909","Biba Women Blue Printed Churidar Kurta with Dupatta","Women","Apparel","Apparel Set","Kurta Sets","Blue","Fall","Ethnic","datasets/fashion-ecommerce-500/images/21909.jpg"
"21910","Biba Women Red Printed Churidar Kurta with Dupatta","Women","Apparel","Apparel Set","Kurta Sets","Red","Fall","Ethnic","datasets/fashion-ecommerce-500/images/21910.jpg"
"21911","Biba Women Pink & Brown Printed Churidar Kurta with Dupatta","Women","Apparel","Apparel Set","Kurta Sets","Pink","Fall","Ethnic","datasets/fashion-ecommerce-500/images/21911.jpg"
"21912","Biba Women Orange & Purple Churidar Kurta with Dupatta","Women","Apparel","Apparel Set","Kurta Sets","Orange","Fall","Ethnic","datasets/fashion-ecommerce-500/images/21912.jpg"
"21914","Biba Women Off-White & Brown Printed Churidar Kurta with Dupatta","Women","Apparel","Apparel Set","Kurta Sets","Off White","Fall","Ethnic","datasets/fashion-ecommerce-500/images/21914.jpg"
"21915","Biba Women Orange & Purple Printed Churidar Kurta with Dupatta","Women","Apparel","Apparel Set","Kurta Sets","Orange","Fall","Ethnic","datasets/fashion-ecommerce-500/images/21915.jpg"
"21916","Biba Women Green & Black Printed Churidar Kurta with Dupatta","Women","Apparel","Apparel Set","Kurta Sets","Green","Fall","Ethnic","datasets/fashion-ecommerce-500/images/21916.jpg"
"21917","Biba Women Red Printed Churidar Kurta with Dupatta","Women","Apparel","Apparel Set","Kurta Sets","Red","Fall","Ethnic","datasets/fashion-ecommerce-500/images/21917.jpg"
"21922","Biba Women Purple Printed Churidar Kurta with Dupatta","Women","Apparel","Apparel Set","Kurta Sets","Purple","Fall","Ethnic","datasets/fashion-ecommerce-500/images/21922.jpg"
"21924","Biba Women Black Printed Churidar Kurta with Dupatta","Women","Apparel","Apparel Set","Kurta Sets","Black","Fall","Ethnic","datasets/fashion-ecommerce-500/images/21924.jpg"
"24605","Vishudh Women Pink Churidar Kurta with Dupatta","Women","Apparel","Apparel Set","Kurta Sets","Pink","Fall","Ethnic","datasets/fashion-ecommerce-500/images/24605.jpg"
"24796","Vishudh Women Red & Yellow Churidar Kurta with Dupatta","Women","Apparel","Apparel Set","Kurta Sets","Red","Summer","Ethnic","datasets/fashion-ecommerce-500/images/24796.jpg"
"25587","Vishudh Women Black & Purple Printed Churidar Kurta with Dupatta","Women","Apparel","Apparel Set","Kurta Sets","Black","Fall","Ethnic","datasets/fashion-ecommerce-500/images/25587.jpg"
"25588","Vishudh Women Green & Purple Printed Churidar Kurta with Dupatta","Women","Apparel","Apparel Set","Kurta Sets","Green","Fall","Ethnic","datasets/fashion-ecommerce-500/images/25588.jpg"
"25589","Vishudh Women Green Churidar Kurta with Dupatta","Women","Apparel","Apparel Set","Kurta Sets","Green","Fall","Ethnic","datasets/fashion-ecommerce-500/images/25589.jpg"
"25590","Vishudh Women Beige & Green Printed Churidar Kurta with Dupatta","Women","Apparel","Apparel Set","Kurta Sets","Beige","Fall","Ethnic","datasets/fashion-ecommerce-500/images/25590.jpg"
"25591","Vishudh Women Green & Black Churidar Kurta with Dupatta","Women","Apparel","Apparel Set","Kurta Sets","Black","Fall","Ethnic","datasets/fashion-ecommerce-500/images/25591.jpg"
"25592","Vishudh Women Black & Purple Printed Churidar Kurta with Dupatta","Women","Apparel","Apparel Set","Kurta Sets","Black","Fall","Ethnic","datasets/fashion-ecommerce-500/images/25592.jpg"
"25593","Vishudh Women White & Black Churidar Kurta with Dupatta","Women","Apparel","Apparel Set","Kurta Sets","White","Fall","Ethnic","datasets/fashion-ecommerce-500/images/25593.jpg"
"25594","Vishudh Women White and Black Churidar Kurta with Dupatta","Women","Apparel","Apparel Set","Kurta Sets","White","Fall","Ethnic","datasets/fashion-ecommerce-500/images/25594.jpg"
"25595","Vishudh Women Cream-Coloured Printed Churidar Kurta with Dupatta","Women","Apparel","Apparel Set","Kurta Sets","Cream","Fall","Ethnic","datasets/fashion-ecommerce-500/images/25595.jpg"
"25596","Vishudh Women Mustard Yellow & Navy Churidar Kurta with Dupatta","Women","Apparel","Apparel Set","Kurta Sets","Mustard","Fall","Ethnic","datasets/fashion-ecommerce-500/images/25596.jpg"
"25597","Vishudh Women Red & Navy Churidar Kurta with Dupatta","Women","Apparel","Apparel Set","Kurta Sets","Red","Fall","Ethnic","datasets/fashion-ecommerce-500/images/25597.jpg"
"25598","Vishudh Women Black & Pink Printed Churidar Kurta with Dupatta","Women","Apparel","Apparel Set","Kurta Sets","Black","Fall","Ethnic","datasets/fashion-ecommerce-500/images/25598.jpg"
"25599","Vishudh Women Grey & Black Churidar Kurta with Dupatta","Women","Apparel","Apparel Set","Kurta Sets","Grey","Fall","Ethnic","datasets/fashion-ecommerce-500/images/25599.jpg"
"25600","Vishudh Women Magenta & Black Churidar Kurta with Dupatta","Women","Apparel","Apparel Set","Kurta Sets","Purple","Fall","Ethnic","datasets/fashion-ecommerce-500/images/25600.jpg"
"25601","Vishudh Women Purple & Green Embriodery Churidar Kurta with Dupatta","Women","Apparel","Apparel Set","Kurta Sets","Purple","Fall","Ethnic","datasets/fashion-ecommerce-500/images/25601.jpg"
"25602","Vishudh Women Green & Purple Churidar Kurta with Dupatta","Women","Apparel","Apparel Set","Kurta Sets","Green","Fall","Ethnic","datasets/fashion-ecommerce-500/images/25602.jpg"
"28966","Biba Women Blue Printed Salwar Suit with Dupatta","Women","Apparel","Apparel Set","Kurta Sets","Blue","Summer","Ethnic","datasets/fashion-ecommerce-500/images/28966.jpg"
"28968","Biba Women White Embroidered Churidar Kurta with Dupatta","Women","Apparel","Apparel Set","Kurta Sets","White","Summer","Ethnic","datasets/fashion-ecommerce-500/images/28968.jpg"
"28969","Biba Women Red Embroidered Churidar Kurta with Dupatta","Women","Apparel","Apparel Set","Kurta Sets","Red","Summer","Ethnic","datasets/fashion-ecommerce-500/images/28969.jpg"
"28970","Biba Women Black Printed Churidar Kurta with Dupatta","Women","Apparel","Apparel Set","Kurta Sets","Black","Summer","Ethnic","datasets/fashion-ecommerce-500/images/28970.jpg"
"28971","Biba Women Cream-Coloured Embroidered Churidar Kurta with Dupatta","Women","Apparel","Apparel Set","Kurta Sets","Cream","Summer","Ethnic","datasets/fashion-ecommerce-500/images/28971.jpg"
"28972","Biba Women Orange & White Printed Churidar Kurta with Dupatta","Women","Apparel","Apparel Set","Kurta Sets","Orange","Summer","Ethnic","datasets/fashion-ecommerce-500/images/28972.jpg"
"28973","Biba Women Yellow & White Printed Churidar Kurta with Dupatta","Women","Apparel","Apparel Set","Kurta Sets","Yellow","Summer","Ethnic","datasets/fashion-ecommerce-500/images/28973.jpg"
"28974","Biba Women Blue & Green Printed Churidar Kurta with Dupatta","Women","Apparel","Apparel Set","Kurta Sets","Blue","Summer","Ethnic","datasets/fashion-ecommerce-500/images/28974.jpg"
"28975","Biba Women Blue Churidar Kurta with Dupatta","Women","Apparel","Apparel Set","Kurta Sets","Blue","Summer","Ethnic","datasets/fashion-ecommerce-500/images/28975.jpg"
"28976","Biba Women Yellow Churidar Kurta with Dupatta","Women","Apparel","Apparel Set","Kurta Sets","Yellow","Summer","Ethnic","datasets/fashion-ecommerce-500/images/28976.jpg"
"28977","Biba Women Green Churidar Kurta with Dupatta","Women","Apparel","Apparel Set","Kurta Sets","Green","Summer","Ethnic","datasets/fashion-ecommerce-500/images/28977.jpg"
"28978","Biba Women White Churidar Kurta with Dupatta","Women","Apparel","Apparel Set","Kurta Sets","White","Summer","Ethnic","datasets/fashion-ecommerce-500/images/28978.jpg"
"28979","Biba Women Black Churidar Kurta with Dupatta","Women","Apparel","Apparel Set","Kurta Sets","Black","Summer","Ethnic","datasets/fashion-ecommerce-500/images/28979.jpg"
"28980","Biba Women Yellow & Green Printed Churidar Kurta with Dupatta","Women","Apparel","Apparel Set","Kurta Sets","Yellow","Summer","Ethnic","datasets/fashion-ecommerce-500/images/28980.jpg"
"28981","Biba Outlet Women Cream-Coloured Printed  Churidar Kurta with Dupatta","Women","Apparel","Apparel Set","Kurta Sets","Cream","Summer","Ethnic","datasets/fashion-ecommerce-500/images/28981.jpg"
"28982","Biba Outlet Women Green Printed Churidar Kurta with Dupatta","Women","Apparel","Apparel Set","Kurta Sets","Green","Summer","Ethnic","datasets/fashion-ecommerce-500/images/28982.jpg"
"28984","Biba Outlet Women Orange Printed Churidar Kurta with Dupatta","Women","Apparel","Apparel Set","Kurta Sets","Orange","Summer","Ethnic","datasets/fashion-ecommerce-500/images/28984.jpg"
"28985","Biba Outlet Women White & Green Printed Churidar Kurta with Dupatta","Women","Apparel","Apparel Set","Kurta Sets","White","Summer","Ethnic","datasets/fashion-ecommerce-500/images/28985.jpg"
"28986","Biba Outlet Women Orange & White Printed Churidar Kurta with Dupatta","Women","Apparel","Apparel Set","Kurta Sets","Orange","Summer","Ethnic","datasets/fashion-ecommerce-500/images/28986.jpg"
"28987","Biba Outlet Women White Printed Churidar Kurta with Dupatta","Women","Apparel","Apparel Set","Kurta Sets","White","Summer","Ethnic","datasets/fashion-ecommerce-500/images/28987.jpg"
"28988","Biba Outlet Women White & Grey Printed Salwar Suit with Dupatta","Women","Apparel","Apparel Set","Kurta Sets","White","Summer","Ethnic","datasets/fashion-ecommerce-500/images/28988.jpg"
"28989","Biba Outlet Women Blue & Green Printed Churidar Kurta with Dupatta","Women","Apparel","Apparel Set","Kurta Sets","Blue","Summer","Ethnic","datasets/fashion-ecommerce-500/images/28989.jpg"
"28990","Biba Outlet Women Pink Printed Churidar Kurta with Dupatta","Women","Apparel","Apparel Set","Kurta Sets","Pink","Summer","Ethnic","datasets/fashion-ecommerce-500/images/28990.jpg"
"28991","Biba Outlet Women Off-White Printed A-Line Churidar Kurta with Dupatta","Women","Apparel","Apparel Set","Kurta Sets","Off White","Summer","Ethnic","datasets/fashion-ecommerce-500/images/28991.jpg"
"30715","Fabindia Boys Blue & Green Angarakha Dhoti Set","Boys","Apparel","Apparel Set","Kurta Sets","Blue","Summer","Ethnic","datasets/fashion-ecommerce-500/images/30715.jpg"
"30716","Fabindia Boys Blue Dhoti Angarakha Set","Boys","Apparel","Apparel Set","Kurta Sets","Blue","Summer","Ethnic","datasets/fashion-ecommerce-500/images/30716.jpg"
"30717","Fabindia Boys Green Dhoti Angarakha Sets","Boys","Apparel","Apparel Set","Kurta Sets","Green","Summer","Ethnic","datasets/fashion-ecommerce-500/images/30717.jpg"
"30718","Fabindia Boys Red & Beige Angarakha Dhoti Set","Boys","Apparel","Apparel Set","Kurta Sets","Red","Summer","Ethnic","datasets/fashion-ecommerce-500/images/30718.jpg"
"39134","Aneri Women Multi Coloured Salwar Suit","Women","Apparel","Apparel Set","Kurta Sets","Multi","Fall","Ethnic","datasets/fashion-ecommerce-500/images/39134.jpg"
"39135","Aneri Women Printed Brown Salwar Suit","Women","Apparel","Apparel Set","Kurta Sets","Brown","Summer","Ethnic","datasets/fashion-ecommerce-500/images/39135.jpg"
"39136","Aneri Women Blue & White Printed Salwar Suit","Women","Apparel","Apparel Set","Kurta Sets","Blue","Summer","Ethnic","datasets/fashion-ecommerce-500/images/39136.jpg"
"39137","Aneri Women Gypsy Rose Purple Salwar Suit","Women","Apparel","Apparel Set","Kurta Sets","Purple","Summer","Ethnic","datasets/fashion-ecommerce-500/images/39137.jpg"
"39138","Aneri Women Pink & White Salwar Suit","Women","Apparel","Apparel Set","Kurta Sets","Pink","Summer","Ethnic","datasets/fashion-ecommerce-500/images/39138.jpg"
"39139","Aneri Women White & Black Printed Salwar Suit","Women","Apparel","Apparel Set","Kurta Sets","White","Summer","Ethnic","datasets/fashion-ecommerce-500/images/39139.jpg"
"39140","Aneri Women Black & Maroon Salwar Suit","Women","Apparel","Apparel Set","Kurta Sets","Black","Summer","Ethnic","datasets/fashion-ecommerce-500/images/39140.jpg"
"39141","Aneri Women Magenta Salwar Suit","Women","Apparel","Apparel Set","Kurta Sets","Magenta","Summer","Ethnic","datasets/fashion-ecommerce-500/images/39141.jpg"
"39142","Aneri Women Blue & White Salwar Suit","Women","Apparel","Apparel Set","Kurta Sets","Blue","Summer","Ethnic","datasets/fashion-ecommerce-500/images/39142.jpg"
"39143","Aneri Women Blue & Maroon Printed Salwar Suit","Women","Apparel","Apparel Set","Kurta Sets","Blue","Summer","Ethnic","datasets/fashion-ecommerce-500/images/39143.jpg"
"39144","Aneri Women Purple & Blue Salwar Suit","Women","Apparel","Apparel Set","Kurta Sets","Purple","Summer","Ethnic","datasets/fashion-ecommerce-500/images/39144.jpg"
"39145","Aneri Women Multi Coloured Salwar Suit","Women","Apparel","Apparel Set","Kurta Sets","Multi","Summer","Ethnic","datasets/fashion-ecommerce-500/images/39145.jpg"
"39146","Aneri Women Purple Ombre Churidar Kurta & Dupatta Set","Women","Apparel","Apparel Set","Kurta Sets","Purple","Fall","Ethnic","datasets/fashion-ecommerce-500/images/39146.jpg"
"39147","Aneri Women Purple Salwar Suit","Women","Apparel","Apparel Set","Kurta Sets","Purple","Fall","Ethnic","datasets/fashion-ecommerce-500/images/39147.jpg"
"43437","Global Desi Women Pink & Orange Printed Anarkali Churidar Kurta with Duptatta","Women","Apparel","Apparel Set","Kurta Sets","Pink","Summer","Ethnic","datasets/fashion-ecommerce-500/images/43437.jpg"
"53812","Ayaany Women Black Patiala Kurta Set","Women","Apparel","Apparel Set","Kurta Sets","Black","Fall","Ethnic","datasets/fashion-ecommerce-500/images/53812.jpg"
"53814","Ayaany Women Blue & Grey Patiala Kurta Set","Women","Apparel","Apparel Set","Kurta Sets","Blue","Fall","Ethnic","datasets/fashion-ecommerce-500/images/53814.jpg"
"53817","Ayaany Women White & Green Self-Design Patiala Kurta Set","Women","Apparel","Apparel Set","Kurta Sets","White","Fall","Ethnic","datasets/fashion-ecommerce-500/images/53817.jpg"
"53825","Ayaany Women Teal & Purple Embroidered Churidar Kurta with Dupatta","Women","Apparel","Apparel Set","Kurta Sets","Teal","Fall","Ethnic","datasets/fashion-ecommerce-500/images/53825.jpg"
"54686","Shree Women Yellow & Brown Printed Salwar Suit with Dupatta","Women","Apparel","Apparel Set","Kurta Sets","Yellow","Fall","Ethnic","datasets/fashion-ecommerce-500/images/54686.jpg"
"54688","Shree Women Pink & Black Printed Salwar Suit with Dupatta","Women","Apparel","Apparel Set","Kurta Sets","Pink","Fall","Ethnic","datasets/fashion-ecommerce-500/images/54688.jpg"
"54689","Shree Women Green and Blue Printed Patiala Kurta Set","Women","Apparel","Apparel Set","Kurta Sets","Green","Summer","Ethnic","datasets/fashion-ecommerce-500/images/54689.jpg"
"54703","Shree Women Black & Pink Salwar Suit with Dupatta","Women","Apparel","Apparel Set","Kurta Sets","Black","Fall","Ethnic","datasets/fashion-ecommerce-500/images/54703.jpg"
"54704","Shree Women Beige and Red Salwar Suit with Dupatta","Women","Apparel","Apparel Set","Kurta Sets","Beige","Summer","Ethnic","datasets/fashion-ecommerce-500/images/54704.jpg"
"54705","Shree Women Navy & Beige Salwar Suit with Dupatta","Women","Apparel","Apparel Set","Kurta Sets","Navy Blue","Fall","Ethnic","datasets/fashion-ecommerce-500/images/54705.jpg"
"54712","Shree Women Black & White Printed Salwar Suit with Dupatta","Women","Apparel","Apparel Set","Kurta Sets","Black","Fall","Ethnic","datasets/fashion-ecommerce-500/images/54712.jpg"
"54713","Shree Women Cream-Coloured & Pink Printed Salwar Suit with Dupatta","Women","Apparel","Apparel Set","Kurta Sets","Cream","Fall","Ethnic","datasets/fashion-ecommerce-500/images/54713.jpg"
"54714","Shree Women Charcoal Grey & Sea Green Printed Salwar Suit with Dupatta","Women","Apparel","Apparel Set","Kurta Sets","Charcoal","Summer","Ethnic","datasets/fashion-ecommerce-500/images/54714.jpg"
"54715","Shree Women Beige & Red Salwar Suit with Dupatta","Women","Apparel","Apparel Set","Kurta Sets","Beige","Fall","Ethnic","datasets/fashion-ecommerce-500/images/54715.jpg"
"54721","Shree Women White and Blue Printed Patiala Kurta Set","Women","Apparel","Apparel Set","Kurta Sets","White","Fall","Ethnic","datasets/fashion-ecommerce-500/images/54721.jpg"
"54722","Shree Women Yellow & Red Printed Salwar Suit with Dupatta","Women","Apparel","Apparel Set","Kurta Sets","Yellow","Fall","Ethnic","datasets/fashion-ecommerce-500/images/54722.jpg"
"54723","Shree Women Magenta and Yellow Printed Patiala Kurta Set","Women","Apparel","Apparel Set","Kurta Sets","Magenta","Summer","Ethnic","datasets/fashion-ecommerce-500/images/54723.jpg"
"54724","Shree Women Black and Yellow Printed Patiala Kurta Set","Women","Apparel","Apparel Set","Kurta Sets","Black","Fall","Ethnic","datasets/fashion-ecommerce-500/images/54724.jpg"
"56805","Aneri Women Magenta Salwar Suit","Women","Apparel","Apparel Set","Kurta Sets","Magenta","Summer","Ethnic","datasets/fashion-ecommerce-500/images/56805.jpg"
"2188","ADIDAS Women Stripe Black Swimming Cap","Women","Apparel","Apparel Set","Swimwear","Black","Summer","Sports","datasets/fashion-ecommerce-500/images/2188.jpg"
"2247","ADIDAS Women Swimming Purple Cap","Women","Apparel","Apparel Set","Swimwear","Purple","Winter","Sports","datasets/fashion-ecommerce-500/images/2247.jpg"
"3464","ADIDAS Kid's Light Aqua Swimming Cap","Unisex","Apparel","Apparel Set","Swimwear","Blue","Winter","Sports","datasets/fashion-ecommerce-500/images/3464.jpg"
"3465","ADIDAS Unisex Black White Swimming Cap","Unisex","Apparel","Apparel Set","Swimwear","Black","Fall","Sports","datasets/fashion-ecommerce-500/images/3465.jpg"
"2195","ADIDAS Women Black Capris","Women","Apparel","Bottomwear","Capris","Black","Fall","Sports","datasets/fashion-ecommerce-500/images/2195.jpg"
"2306","Nike Women Cuffed Black Capris","Women","Apparel","Bottomwear","Capris","Black","Fall","Sports","datasets/fashion-ecommerce-500/images/2306.jpg"
"2578","Domyos Women White Capri","Women","Apparel","Bottomwear","Capris","White","Summer","Casual","datasets/fashion-ecommerce-500/images/2578.jpg"
"2580","Domyos Women Black Capri","Women","Apparel","Bottomwear","Capris","Black","Summer","Sports","datasets/fashion-ecommerce-500/images/2580.jpg"
"2590","Tribord Women Breeches Blue Capri","Women","Apparel","Bottomwear","Capris","Navy Blue","Summer","Casual","datasets/fashion-ecommerce-500/images/2590.jpg"
"2953","DUSG Women Rishikesh Organic Wheat Capri","Women","Apparel","Bottomwear","Capris","Yellow","Fall","Casual","datasets/fashion-ecommerce-500/images/2953.jpg"
"2954","DUSG Women Uttarkashi Organic Endive Capri","Women","Apparel","Bottomwear","Capris","Yellow","Fall","Casual","datasets/fashion-ecommerce-500/images/2954.jpg"
"3483","ADIDAS Women Black Capri","Women","Apparel","Bottomwear","Capris","Black","Fall","Casual","datasets/fashion-ecommerce-500/images/3483.jpg"
"3484","ADIDAS Women Darkcinde Brown Capri","Women","Apparel","Bottomwear","Capris","Brown","Fall","Sports","datasets/fashion-ecommerce-500/images/3484.jpg"
"3510","ADIDAS Women Black Silver Tights Capri","Women","Apparel","Bottomwear","Capris","Black","Fall","Sports","datasets/fashion-ecommerce-500/images/3510.jpg"
"3909","Urban Yoga Women Yoga Red Capri","Women","Apparel","Bottomwear","Capris","Red","Summer","Casual","datasets/fashion-ecommerce-500/images/3909.jpg"
"3910","Urban Yoga Women Yoga Green Capri","Women","Apparel","Bottomwear","Capris","Green","Summer","Casual","datasets/fashion-ecommerce-500/images/3910.jpg"
"3911","Urban Yoga Women Yoga Navy Capri","Women","Apparel","Bottomwear","Capris","Navy Blue","Summer","Casual","datasets/fashion-ecommerce-500/images/3911.jpg"
"3912","Urban Yoga Women Yoga Grey Capri","Women","Apparel","Bottomwear","Capris","Grey","Summer","Casual","datasets/fashion-ecommerce-500/images/3912.jpg"
"10713","Nike Women Blue Dri-Fit Capris","Women","Apparel","Bottomwear","Capris","Blue","Winter","Sports","datasets/fashion-ecommerce-500/images/10713.jpg"
"10719","Nike Women Training Blue Capris","Women","Apparel","Bottomwear","Capris","Blue","Fall","Casual","datasets/fashion-ecommerce-500/images/10719.jpg"
"11319","United Colors of Benetton Women Washed Blue Capris","Women","Apparel","Bottomwear","Capris","Blue","Fall","Casual","datasets/fashion-ecommerce-500/images/11319.jpg"
"13257","Palm Tree Kids Girls Solid Purple Capris","Women","Apparel","Bottomwear","Capris","Purple","Fall","Casual","datasets/fashion-ecommerce-500/images/13257.jpg"
"13282","Gini and Jony Kids Solid Black Capris","Women","Apparel","Bottomwear","Capris","Black","Fall","Casual","datasets/fashion-ecommerce-500/images/13282.jpg"
"13341","Gini and Jony Girls Purple Capris","Girls","Apparel","Bottomwear","Capris","Purple","Fall","Casual","datasets/fashion-ecommerce-500/images/13341.jpg"
"13342","Gini and Jony Kids Girls Solid Purple Capris","Women","Apparel","Bottomwear","Capris","Purple","Fall","Casual","datasets/fashion-ecommerce-500/images/13342.jpg"
"13345","Gini and Jony Kids Girls Solid White Capris","Women","Apparel","Bottomwear","Capris","White","Fall","Casual","datasets/fashion-ecommerce-500/images/13345.jpg"
"15338","Nike Women Solid Grey Capris","Women","Apparel","Bottomwear","Capris","Grey","Fall","Sports","datasets/fashion-ecommerce-500/images/15338.jpg"
"15351","Nike Women Solid Grey Capris","Women","Apparel","Bottomwear","Capris","Grey","Fall","Sports","datasets/fashion-ecommerce-500/images/15351.jpg"
"15482","Puma Women TP Cuffed Black Capris","Women","Apparel","Bottomwear","Capris","Black","Fall","Casual","datasets/fashion-ecommerce-500/images/15482.jpg"
"15484","Puma Women TP  Black Capris","Women","Apparel","Bottomwear","Capris","Black","Fall","Casual","datasets/fashion-ecommerce-500/images/15484.jpg"
"16225","Puma Women Capri Sweat Black Capris","Women","Apparel","Bottomwear","Capris","Black","Fall","Ethnic","datasets/fashion-ecommerce-500/images/16225.jpg"
"16226","Puma Women Capri Sweat Grey Capris","Women","Apparel","Bottomwear","Capris","Grey","Fall","Casual","datasets/fashion-ecommerce-500/images/16226.jpg"
"17925","Nike Women Casual Blue Capri","Women","Apparel","Bottomwear","Capris","Blue","Fall","Casual","datasets/fashion-ecommerce-500/images/17925.jpg"
"17926","Nike Women Casual Grey Capri","Women","Apparel","Bottomwear","Capris","Grey","Fall","Casual","datasets/fashion-ecommerce-500/images/17926.jpg"
"18002","Puma Women Essential Skinny Black 3/4 Pant","Women","Apparel","Bottomwear","Capris","Black","Summer","Sports","datasets/fashion-ecommerce-500/images/18002.jpg"
"19242","Puma Women Grey Capri Pants","Women","Apparel","Bottomwear","Capris","Grey","Fall","Casual","datasets/fashion-ecommerce-500/images/19242.jpg"
"20371","Urban Yoga Women Solid Black Capris","Women","Apparel","Bottomwear","Capris","Black","Fall","Sports","datasets/fashion-ecommerce-500/images/20371.jpg"
"21593","Nike Women Solid Grey Capris","Women","Apparel","Bottomwear","Capris","Grey","Summer","Casual","datasets/fashion-ecommerce-500/images/21593.jpg"
"25000","United Colors of Benetton Women Black Capris","Women","Apparel","Bottomwear","Capris","Black","Summer","Casual","datasets/fashion-ecommerce-500/images/25000.jpg"
"26982","Jealous 21 Women Beige Capris","Women","Apparel","Bottomwear","Capris","Beige","Summer","Casual","datasets/fashion-ecommerce-500/images/26982.jpg"
"26983","Jealous 21 Girls Black Trousers","Girls","Apparel","Bottomwear","Capris","Black","Summer","Casual","datasets/fashion-ecommerce-500/images/26983.jpg"
"27010","Jealous 21 Women Washed Light Blue Capris","Women","Apparel","Bottomwear","Capris","Blue","Summer","Casual","datasets/fashion-ecommerce-500/images/27010.jpg"
"27011","Jealous 21 Women White Capris","Women","Apparel","Bottomwear","Capris","White","Summer","Casual","datasets/fashion-ecommerce-500/images/27011.jpg"
"27012","Jealous 21 Women Navy Blue Capris","Women","Apparel","Bottomwear","Capris","Blue","Summer","Casual","datasets/fashion-ecommerce-500/images/27012.jpg"
"27013","Jealous 21 Women Washed Blue Shorts","Women","Apparel","Bottomwear","Capris","Blue","Summer","Casual","datasets/fashion-ecommerce-500/images/27013.jpg"
"27014","Jealous 21 Women Washed Blue Capris","Women","Apparel","Bottomwear","Capris","Blue","Summer","Casual","datasets/fashion-ecommerce-500/images/27014.jpg"
"27028","Jealous 21 Women Blue Capris","Women","Apparel","Bottomwear","Capris","Blue","Summer","Casual","datasets/fashion-ecommerce-500/images/27028.jpg"
"27029","Jealous 21 Women Blue Capris","Women","Apparel","Bottomwear","Capris","Blue","Summer","Casual","datasets/fashion-ecommerce-500/images/27029.jpg"
"27030","Jealous 21 Women Blue Capris","Women","Apparel","Bottomwear","Capris","Blue","Summer","Casual","datasets/fashion-ecommerce-500/images/27030.jpg"
"27222","Doodle Kids Girl  Pink Capris","Women","Apparel","Bottomwear","Capris","Pink","Summer","Casual","datasets/fashion-ecommerce-500/images/27222.jpg"
"27229","Doodle Kids Girl  Green Capris","Women","Apparel","Bottomwear","Capris","Green","Summer","Casual","datasets/fashion-ecommerce-500/images/27229.jpg"
"27230","Doodle Kids Girl  White Capris","Women","Apparel","Bottomwear","Capris","White","Summer","Casual","datasets/fashion-ecommerce-500/images/27230.jpg"
"27405","Jockey Women Black Capris","Women","Apparel","Bottomwear","Capris","Black","Summer","Casual","datasets/fashion-ecommerce-500/images/27405.jpg"
"27407","Jockey Women Charcoal Capris","Women","Apparel","Bottomwear","Capris","Charcoal","Summer","Casual","datasets/fashion-ecommerce-500/images/27407.jpg"
"27408","Jockey Women Grey Melange Knit Capris 1300","Women","Apparel","Bottomwear","Capris","Grey Melange","Summer","Casual","datasets/fashion-ecommerce-500/images/27408.jpg"
"27415","Jockey Women Black Relaxed Capris","Women","Apparel","Bottomwear","Capris","Black","Winter","Casual","datasets/fashion-ecommerce-500/images/27415.jpg"
"27416","Jockey Women Grey Melange Relaxed Fit Capris 1306","Women","Apparel","Bottomwear","Capris","Grey Melange","Winter","Casual","datasets/fashion-ecommerce-500/images/27416.jpg"
"27417","Jockey Women Blue Relaxed Capris","Women","Apparel","Bottomwear","Capris","Blue","Winter","Casual","datasets/fashion-ecommerce-500/images/27417.jpg"
"27418","Jockey Women Red Relaxed Capris","Women","Apparel","Bottomwear","Capris","Red","Winter","Casual","datasets/fashion-ecommerce-500/images/27418.jpg"
"28454","Urban Yoga Women Black Capris","Women","Apparel","Bottomwear","Capris","Black","Summer","Sports","datasets/fashion-ecommerce-500/images/28454.jpg"
"28457","Urban Yoga Women Black Capris","Women","Apparel","Bottomwear","Capris","Black","Summer","Sports","datasets/fashion-ecommerce-500/images/28457.jpg"
"28458","Urban Yoga Women Blue Capris","Women","Apparel","Bottomwear","Capris","Blue","Summer","Sports","datasets/fashion-ecommerce-500/images/28458.jpg"
"28461","Urban Yoga Women Black Capris","Women","Apparel","Bottomwear","Capris","Black","Summer","Casual","datasets/fashion-ecommerce-500/images/28461.jpg"
"28462","Urban Yoga Women Pink Capris","Women","Apparel","Bottomwear","Capris","Pink","Summer","Casual","datasets/fashion-ecommerce-500/images/28462.jpg"
"28464","Urban Yoga Women Turquoise Blue Capri","Women","Apparel","Bottomwear","Capris","Turquoise Blue","Summer","Sports","datasets/fashion-ecommerce-500/images/28464.jpg"
"28521","Nike Women Jersey Cuffed Black Capris","Women","Apparel","Bottomwear","Capris","Black","Summer","Sports","datasets/fashion-ecommerce-500/images/28521.jpg"
"28522","Nike Women Jersey Cuffed Pink Capris","Women","Apparel","Bottomwear","Capris","Pink","Summer","Sports","datasets/fashion-ecommerce-500/images/28522.jpg"
"28632","Nike Women Black Sports Capris","Women","Apparel","Bottomwear","Capris","Black","Summer","Sports","datasets/fashion-ecommerce-500/images/28632.jpg"
"30613","Nike Women Trainning Grey Capris","Women","Apparel","Bottomwear","Capris","Grey","Summer","Sports","datasets/fashion-ecommerce-500/images/30613.jpg"
"31112","Gini and Jony Boys Yellow 3/4 Length Pants","Boys","Apparel","Bottomwear","Capris","Yellow","Summer","Casual","datasets/fashion-ecommerce-500/images/31112.jpg"
"31113","Gini and Jony Boys Washed Navy Blue 3/4 Length Pants","Boys","Apparel","Bottomwear","Capris","Navy Blue","Summer","Casual","datasets/fashion-ecommerce-500/images/31113.jpg"
"31114","Gini and Jony Boys Washed Blue 3/4 Length Pants","Boys","Apparel","Bottomwear","Capris","Blue","Summer","Casual","datasets/fashion-ecommerce-500/images/31114.jpg"
"31115","Gini and Jony Boys Washed Blue 3/4 Length Pants","Boys","Apparel","Bottomwear","Capris","Blue","Summer","Casual","datasets/fashion-ecommerce-500/images/31115.jpg"
"31221","Puma Women Black Capris","Women","Apparel","Bottomwear","Capris","Black","Summer","Casual","datasets/fashion-ecommerce-500/images/31221.jpg"
"31228","Puma Women Black Basic Capris","Women","Apparel","Bottomwear","Capris","Black","Fall","Sports","datasets/fashion-ecommerce-500/images/31228.jpg"
"31229","Puma Women Pink Capris","Women","Apparel","Bottomwear","Capris","Pink","Summer","Casual","datasets/fashion-ecommerce-500/images/31229.jpg"
"31464","Nike Women Training Green Capris","Women","Apparel","Bottomwear","Capris","Black","Summer","Sports","datasets/fashion-ecommerce-500/images/31464.jpg"
"32632","Nike Women Legend Slim Poly Grey Capris","Women","Apparel","Bottomwear","Capris","Grey","Summer","Sports","datasets/fashion-ecommerce-500/images/32632.jpg"
"32633","Nike Women Black Legend Slim Capris","Women","Apparel","Bottomwear","Capris","Black","Fall","Sports","datasets/fashion-ecommerce-500/images/32633.jpg"
"32637","Nike Women Legend Tight Blue Capris","Women","Apparel","Bottomwear","Capris","Blue","Summer","Sports","datasets/fashion-ecommerce-500/images/32637.jpg"
"32655","Nike Women Tech Black Capris","Women","Apparel","Bottomwear","Capris","Black","Summer","Sports","datasets/fashion-ecommerce-500/images/32655.jpg"
"33272","Gini & Jony Girls Pink Pedal Pusher","Girls","Apparel","Bottomwear","Capris","Pink","Summer","Casual","datasets/fashion-ecommerce-500/images/33272.jpg"
"33501","Doodle Kids Girl  Pink Capris","Women","Apparel","Bottomwear","Capris","Pink","Summer","Casual","datasets/fashion-ecommerce-500/images/33501.jpg"
"33506","Doodle Kids Girl  Green Capris","Women","Apparel","Bottomwear","Capris","Green","Summer","Casual","datasets/fashion-ecommerce-500/images/33506.jpg"
"33507","Doodle Kids Girl  White Capris","Women","Apparel","Bottomwear","Capris","White","Summer","Casual","datasets/fashion-ecommerce-500/images/33507.jpg"
"34052","Gini and Jony Boys Yellow 3/4 Length Pants","Boys","Apparel","Bottomwear","Capris","Yellow","Summer","Casual","datasets/fashion-ecommerce-500/images/34052.jpg"
"34053","Gini and Jony Boys Yellow 3/4 Length Pants","Boys","Apparel","Bottomwear","Capris","Yellow","Summer","Casual","datasets/fashion-ecommerce-500/images/34053.jpg"
"34054","Palm Tree Boys Washed Blue 3/4 Length Pants","Boys","Apparel","Bottomwear","Capris","Blue","Summer","Casual","datasets/fashion-ecommerce-500/images/34054.jpg"
"34055","Palm Tree Boys Washed Blue 3/4 Length Pants","Boys","Apparel","Bottomwear","Capris","Blue","Summer","Casual","datasets/fashion-ecommerce-500/images/34055.jpg"
"34056","Gini and Jony Boys Washed Blue 3/4 Length Pants","Boys","Apparel","Bottomwear","Capris","Blue","Summer","Casual","datasets/fashion-ecommerce-500/images/34056.jpg"
"34057","Gini and Jony Boys Washed Blue 3/4 Length Pants","Boys","Apparel","Bottomwear","Capris","Blue","Summer","Casual","datasets/fashion-ecommerce-500/images/34057.jpg"
"34058","Gini and Jony Boys Washed Navy Blue 3/4 Length Pants","Boys","Apparel","Bottomwear","Capris","Navy Blue","Summer","Casual","datasets/fashion-ecommerce-500/images/34058.jpg"
"34116","Doodle Girls Washed Blue Capris","Girls","Apparel","Bottomwear","Capris","Blue","Summer","Casual","datasets/fashion-ecommerce-500/images/34116.jpg"
"35940","Flying Machine Women Viscose Black Capris","Women","Apparel","Bottomwear","Capris","Black","Summer","Casual","datasets/fashion-ecommerce-500/images/35940.jpg"
"35941","Flying Machine Women Viscose Charcoal Capris","Women","Apparel","Bottomwear","Capris","Charcoal","Summer","Casual","datasets/fashion-ecommerce-500/images/35941.jpg"
"35994","Flying Machine Women Washed Blue Capris","Women","Apparel","Bottomwear","Capris","Blue","Summer","Casual","datasets/fashion-ecommerce-500/images/35994.jpg"
"38506","Gini and Jony Girls Woven Pink Pedal Pusher","Girls","Apparel","Bottomwear","Capris","Pink","Summer","Casual","datasets/fashion-ecommerce-500/images/38506.jpg"
"38570","Nike Womens Black Capris","Women","Apparel","Bottomwear","Capris","Black","Summer","Sports","datasets/fashion-ecommerce-500/images/38570.jpg"
"38571","Nike Women Regular Grey Capris","Women","Apparel","Bottomwear","Capris","Grey","Summer","Sports","datasets/fashion-ecommerce-500/images/38571.jpg"
"38900","Allen Solly Kids Girls Poplin Yellow Capris","Girls","Apparel","Bottomwear","Capris","Yellow","Summer","Casual","datasets/fashion-ecommerce-500/images/38900.jpg"
"39321","Gini and Jony Girls Blue Capris","Girls","Apparel","Bottomwear","Capris","Blue","Summer","Casual","datasets/fashion-ecommerce-500/images/39321.jpg"
"39322","Gini and Jony Girls Blue Capris","Girls","Apparel","Bottomwear","Capris","Blue","Summer","Casual","datasets/fashion-ecommerce-500/images/39322.jpg"
"39336","Gini & Jony Boys Blue Shorts","Boys","Apparel","Bottomwear","Capris","Blue","Summer","Casual","datasets/fashion-ecommerce-500/images/39336.jpg"
"39337","Gini & Jony Girls Pink Pedal Pusher","Girls","Apparel","Bottomwear","Capris","Pink","Summer","Casual","datasets/fashion-ecommerce-500/images/39337.jpg"
"40070","ADIDAS Women Black Capris","Women","Apparel","Bottomwear","Capris","Black","Summer","Casual","datasets/fashion-ecommerce-500/images/40070.jpg"
"40145","Gini and Jony Girls Kinky Pink Capris","Girls","Apparel","Bottomwear","Capris","Pink","Summer","Casual","datasets/fashion-ecommerce-500/images/40145.jpg"
"40146","Gini and Jony Girls Elasticated Black Capris","Girls","Apparel","Bottomwear","Capris","Black","Summer","Casual","datasets/fashion-ecommerce-500/images/40146.jpg"
"40147","Gini and Jony Girls Blue Pedal Pusher","Girls","Apparel","Bottomwear","Capris","Blue","Summer","Casual","datasets/fashion-ecommerce-500/images/40147.jpg"
"40161","Gini and Jony Girls White Pedal Pusher","Girls","Apparel","Bottomwear","Capris","White","Summer","Casual","datasets/fashion-ecommerce-500/images/40161.jpg"
"40995","Gini and Jony Girls Woven Pink Pedal Pusher","Girls","Apparel","Bottomwear","Capris","Pink","Summer","Casual","datasets/fashion-ecommerce-500/images/40995.jpg"
"40996","Gini and Jony Girls Woven Pink Pedal Pusher","Girls","Apparel","Bottomwear","Capris","Pink","Summer","Casual","datasets/fashion-ecommerce-500/images/40996.jpg"
"41080","Allen Solly Woman Blue Capri","Women","Apparel","Bottomwear","Capris","Blue","Summer","Casual","datasets/fashion-ecommerce-500/images/41080.jpg"
"41236","Gini and Jony Kids Girls Black Capris","Girls","Apparel","Bottomwear","Capris","Black","Summer","Casual","datasets/fashion-ecommerce-500/images/41236.jpg"
"41311","Gini and Jony Girls Fixed Weast White Capris","Girls","Apparel","Bottomwear","Capris","White","Summer","Casual","datasets/fashion-ecommerce-500/images/41311.jpg"
"41312","Gini and Jony Girls Fixed Weast Pink Capris","Girls","Apparel","Bottomwear","Capris","Pink","Summer","Casual","datasets/fashion-ecommerce-500/images/41312.jpg"
"41975","Gini and Jony Girls White Pedal Pusher","Girls","Apparel","Bottomwear","Capris","White","Summer","Casual","datasets/fashion-ecommerce-500/images/41975.jpg"
"41976","Gini and Jony Girls White Pedal Pusher","Girls","Apparel","Bottomwear","Capris","White","Summer","Casual","datasets/fashion-ecommerce-500/images/41976.jpg"
"41995","Gini and Jony Girls Blue Pedal Pusher","Girls","Apparel","Bottomwear","Capris","Blue","Summer","Casual","datasets/fashion-ecommerce-500/images/41995.jpg"
"10083","Reebok Men Hanavi II Green Flip Flops","Men","Footwear","Flip Flops","Flip Flops","Green","Fall","Casual","datasets/fashion-ecommerce-500/images/10083.jpg"
"10157","Puma Unisex Puma Flips Blue Flip Flops","Unisex","Footwear","Flip Flops","Flip Flops","Blue","Fall","Casual","datasets/fashion-ecommerce-500/images/10157.jpg"
"10166","United Colors of Benetton Men Carribean Red Flip Flops","Men","Footwear","Flip Flops","Flip Flops","Red","Fall","Casual","datasets/fashion-ecommerce-500/images/10166.jpg"
"10179","United Colors of Benetton Men Speeder Blue Flip Flops","Men","Footwear","Flip Flops","Flip Flops","Blue","Fall","Casual","datasets/fashion-ecommerce-500/images/10179.jpg"
"10180","United Colors of Benetton Men Speeder Yellow Flip Flops","Men","Footwear","Flip Flops","Flip Flops","Yellow","Fall","Casual","datasets/fashion-ecommerce-500/images/10180.jpg"
"10616","Carlton London Women Glitterati Gold Slippers","Women","Footwear","Flip Flops","Flip Flops","Gold","Fall","Casual","datasets/fashion-ecommerce-500/images/10616.jpg"
"10618","Carlton London Women Casual Black Slippers","Women","Footwear","Flip Flops","Flip Flops","Black","Spring","Casual","datasets/fashion-ecommerce-500/images/10618.jpg"
"10620","Carlton London Women Casual Gold Slippers","Women","Footwear","Flip Flops","Flip Flops","Gold","Fall","Casual","datasets/fashion-ecommerce-500/images/10620.jpg"
"10622","Carlton London Women Casual Green Slippers","Women","Footwear","Flip Flops","Flip Flops","Green","Fall","Casual","datasets/fashion-ecommerce-500/images/10622.jpg"
"10623","Carlton London Women Glitterati Gold Slippers","Women","Footwear","Flip Flops","Flip Flops","Gold","Fall","Casual","datasets/fashion-ecommerce-500/images/10623.jpg"
"10739","Disney Unisex Kids Basic Black Flip Flops","Unisex","Footwear","Flip Flops","Flip Flops","Black","Winter","Casual","datasets/fashion-ecommerce-500/images/10739.jpg"
"10740","Disney Unisex Kids Pluto Green Flip Flops","Unisex","Footwear","Flip Flops","Flip Flops","Green","Winter","Casual","datasets/fashion-ecommerce-500/images/10740.jpg"
"10741","Disney Unisex Kids Mickey Mouse Yellow Flip Flops","Unisex","Footwear","Flip Flops","Flip Flops","Yellow","Winter","Casual","datasets/fashion-ecommerce-500/images/10741.jpg"
"10743","Disney Unisex Kids Only Mickey Red Flip Flops","Unisex","Footwear","Flip Flops","Flip Flops","Red","Winter","Casual","datasets/fashion-ecommerce-500/images/10743.jpg"
"10744","Disney Unisex Kids Pluto Navy Blue Flip Flops","Unisex","Footwear","Flip Flops","Flip Flops","Navy Blue","Winter","Casual","datasets/fashion-ecommerce-500/images/10744.jpg"
"10746","Disney Unisex Kids Princess Heart Purple Flip Flops","Unisex","Footwear","Flip Flops","Flip Flops","Purple","Winter","Casual","datasets/fashion-ecommerce-500/images/10746.jpg"
"10748","Disney Unisex Kids Basic Navy Blue Flip Flops","Unisex","Footwear","Flip Flops","Flip Flops","Navy Blue","Winter","Casual","datasets/fashion-ecommerce-500/images/10748.jpg"
"10749","Disney Unisex Kids Mickey Star Red Flip Flops","Unisex","Footwear","Flip Flops","Flip Flops","Red","Winter","Casual","datasets/fashion-ecommerce-500/images/10749.jpg"
"10753","Disney Unisex Kids Basic Navy Blue Flip Flops","Unisex","Footwear","Flip Flops","Flip Flops","Navy Blue","Winter","Casual","datasets/fashion-ecommerce-500/images/10753.jpg"
"10754","Disney Unisex Kids Mickey Star Blue Flip Flops","Unisex","Footwear","Flip Flops","Flip Flops","Blue","Winter","Casual","datasets/fashion-ecommerce-500/images/10754.jpg"
"10757","Disney Unisex Kids Princess Heart Pink Flip Flops","Unisex","Footwear","Flip Flops","Flip Flops","Pink","Winter","Casual","datasets/fashion-ecommerce-500/images/10757.jpg"
"10759","Disney Unisex Kids Mini Mouse Pink Flip Flops","Unisex","Footwear","Flip Flops","Flip Flops","Pink","Winter","Casual","datasets/fashion-ecommerce-500/images/10759.jpg"
"10760","Disney Unisex Kids Basic Red Flip Flops","Unisex","Footwear","Flip Flops","Flip Flops","Red","Winter","Casual","datasets/fashion-ecommerce-500/images/10760.jpg"
"10761","Disney Unisex Kids Basic Red Flip Flops","Unisex","Footwear","Flip Flops","Flip Flops","Red","Winter","Casual","datasets/fashion-ecommerce-500/images/10761.jpg"
"10762","Disney Unisex Kids Basic Yellow Flip Flops","Unisex","Footwear","Flip Flops","Flip Flops","Yellow","Winter","Casual","datasets/fashion-ecommerce-500/images/10762.jpg"
"10765","Disney Unisex Kids Basic Navy Blue Flip Flops","Unisex","Footwear","Flip Flops","Flip Flops","Navy Blue","Winter","Casual","datasets/fashion-ecommerce-500/images/10765.jpg"
"10766","Disney Unisex Kids Basic Yellow Flip Flops","Unisex","Footwear","Flip Flops","Flip Flops","Yellow","Winter","Casual","datasets/fashion-ecommerce-500/images/10766.jpg"
"10767","Disney Unisex Kids Basic White Flip Flops","Unisex","Footwear","Flip Flops","Flip Flops","White","Winter","Casual","datasets/fashion-ecommerce-500/images/10767.jpg"
"10768","Disney Unisex Kids Basic Pink Flip Flops","Unisex","Footwear","Flip Flops","Flip Flops","Pink","Winter","Casual","datasets/fashion-ecommerce-500/images/10768.jpg"
"10769","Disney Unisex Kids Basic White Flip Flops","Unisex","Footwear","Flip Flops","Flip Flops","White","Winter","Casual","datasets/fashion-ecommerce-500/images/10769.jpg"
"10804","Wrangler Men Rider Solid White Shirts","Men","Footwear","Flip Flops","Flip Flops","White","Fall","Casual","datasets/fashion-ecommerce-500/images/10804.jpg"
"11845","Playboy Men Brown Flip Flops","Men","Footwear","Flip Flops","Flip Flops","Brown","Summer","Casual","datasets/fashion-ecommerce-500/images/11845.jpg"
"11846","Playboy Men Red Flip Flops","Men","Footwear","Flip Flops","Flip Flops","Red","Summer","Casual","datasets/fashion-ecommerce-500/images/11846.jpg"
"11847","Playboy Men White Flip Flops","Men","Footwear","Flip Flops","Flip Flops","White","Summer","Casual","datasets/fashion-ecommerce-500/images/11847.jpg"
"11848","Playboy Men Black Flip Flop","Men","Footwear","Flip Flops","Flip Flops","Black","Summer","Casual","datasets/fashion-ecommerce-500/images/11848.jpg"
"11849","Playboy Men Blue Flip Flops","Men","Footwear","Flip Flops","Flip Flops","Blue","Summer","Casual","datasets/fashion-ecommerce-500/images/11849.jpg"
"11850","Playboy Men Green Flip Flops","Men","Footwear","Flip Flops","Flip Flops","Green","Winter","Casual","datasets/fashion-ecommerce-500/images/11850.jpg"
"11851","Playboy Men Grey Flip Flops","Men","Footwear","Flip Flops","Flip Flops","Grey","Summer","Casual","datasets/fashion-ecommerce-500/images/11851.jpg"
"11852","Playboy Men White Flip Flops","Men","Footwear","Flip Flops","Flip Flops","White","Summer","Casual","datasets/fashion-ecommerce-500/images/11852.jpg"
"11853","Playboy Men Black Flip Flops","Men","Footwear","Flip Flops","Flip Flops","Black","Summer","Casual","datasets/fashion-ecommerce-500/images/11853.jpg"
"11854","Playboy Men Navy Blue Flip Flops","Men","Footwear","Flip Flops","Flip Flops","Navy Blue","Summer","Casual","datasets/fashion-ecommerce-500/images/11854.jpg"
"11855","Playboy Men Casual Blue Slippers","Men","Footwear","Flip Flops","Flip Flops","Blue","Summer","Casual","datasets/fashion-ecommerce-500/images/11855.jpg"
"11856","Playboy Men Casual Red Slippers","Men","Footwear","Flip Flops","Flip Flops","Red","Fall","Casual","datasets/fashion-ecommerce-500/images/11856.jpg"
"11857","Playboy Men Casual White Slippers","Men","Footwear","Flip Flops","Flip Flops","White","Fall","Casual","datasets/fashion-ecommerce-500/images/11857.jpg"
"11858","Playboy Men Casual Black Slippers","Men","Footwear","Flip Flops","Flip Flops","Black","Summer","Casual","datasets/fashion-ecommerce-500/images/11858.jpg"
"11859","Playboy Men Casual Green Slippers","Men","Footwear","Flip Flops","Flip Flops","Green","Fall","Casual","datasets/fashion-ecommerce-500/images/11859.jpg"
"11860","Playboy Men Casual Blue Slippers","Men","Footwear","Flip Flops","Flip Flops","Blue","Fall","Casual","datasets/fashion-ecommerce-500/images/11860.jpg"
"11861","Playboy Men Casual Brown Slippers","Men","Footwear","Flip Flops","Flip Flops","Brown","Fall","Casual","datasets/fashion-ecommerce-500/images/11861.jpg"
"11862","Playboy Men Red & Blue Flip Flops","Men","Footwear","Flip Flops","Flip Flops","Blue","Fall","Casual","datasets/fashion-ecommerce-500/images/11862.jpg"
"11863","Playboy Men Casual Green Slippers","Men","Footwear","Flip Flops","Flip Flops","Green","Fall","Casual","datasets/fashion-ecommerce-500/images/11863.jpg"
"11864","Playboy Men Casual Blue Slippers","Men","Footwear","Flip Flops","Flip Flops","Blue","Fall","Casual","datasets/fashion-ecommerce-500/images/11864.jpg"
"11865","Playboy Men Casual Grey Slippers","Men","Footwear","Flip Flops","Flip Flops","Grey","Summer","Casual","datasets/fashion-ecommerce-500/images/11865.jpg"
"11866","Playboy Men Casual Red Slippers","Men","Footwear","Flip Flops","Flip Flops","Red","Fall","Casual","datasets/fashion-ecommerce-500/images/11866.jpg"
"11867","Playboy Men Casual Yellow Slippers","Men","Footwear","Flip Flops","Flip Flops","Yellow","Fall","Casual","datasets/fashion-ecommerce-500/images/11867.jpg"
"11926","Skechers Women Tone Black Slippers","Women","Footwear","Flip Flops","Flip Flops","Black","Fall","Casual","datasets/fashion-ecommerce-500/images/11926.jpg"
"12820","Puma Unisex Surf Red Slippers","Unisex","Footwear","Flip Flops","Flip Flops","Red","Fall","Casual","datasets/fashion-ecommerce-500/images/12820.jpg"
"12825","Puma Unisex Coral Black Slippers","Unisex","Footwear","Flip Flops","Flip Flops","Black","Fall","Casual","datasets/fashion-ecommerce-500/images/12825.jpg"
"12980","ADIDAS Mens Calo Lea M Brown Flip Flops","Men","Footwear","Flip Flops","Flip Flops","Brown","Fall","Casual","datasets/fashion-ecommerce-500/images/12980.jpg"
"12981","ADIDAS Mens Calo 3 Black Flip Flops","Men","Footwear","Flip Flops","Flip Flops","Black","Fall","Casual","datasets/fashion-ecommerce-500/images/12981.jpg"
"12982","ADIDAS Women Calo 3  Black Flip Flops","Women","Footwear","Flip Flops","Flip Flops","Black","Fall","Casual","datasets/fashion-ecommerce-500/images/12982.jpg"
"12983","ADIDAS Mens Calo 3 Black Flip Flops","Men","Footwear","Flip Flops","Flip Flops","Black","Fall","Casual","datasets/fashion-ecommerce-500/images/12983.jpg"
"13193","Puma Unisex Jive Green Slippers","Unisex","Footwear","Flip Flops","Flip Flops","Green","Fall","Casual","datasets/fashion-ecommerce-500/images/13193.jpg"
"13686","ADIDAS Women Adi Sunshine Flip Flops","Women","Footwear","Flip Flops","Flip Flops","Yellow","Fall","Casual","datasets/fashion-ecommerce-500/images/13686.jpg"
"13687","ADIDAS Women Adi Sunshine Flip Flops","Women","Footwear","Flip Flops","Flip Flops","Pink","Fall","Casual","datasets/fashion-ecommerce-500/images/13687.jpg"
"13975","Puma Men Pop Art Black Flip Flops","Men","Footwear","Flip Flops","Flip Flops","Black","Fall","Casual","datasets/fashion-ecommerce-500/images/13975.jpg"
"13976","Puma Unisex Jive Navy Blue Slippers","Unisex","Footwear","Flip Flops","Flip Flops","Navy Blue","Fall","Casual","datasets/fashion-ecommerce-500/images/13976.jpg"
"13983","Puma Unisex Jive Red Slippers","Unisex","Footwear","Flip Flops","Flip Flops","Red","Fall","Casual","datasets/fashion-ecommerce-500/images/13983.jpg"
"14339","Nike Women Solarsoft Thong Grey Slippers","Women","Footwear","Flip Flops","Flip Flops","Grey","Fall","Casual","datasets/fashion-ecommerce-500/images/14339.jpg"
"14340","Nike Women Pink Snapper Flip Flops","Women","Footwear","Flip Flops","Flip Flops","Pink","Summer","Casual","datasets/fashion-ecommerce-500/images/14340.jpg"
"14341","Nike Women Snapper Green Flip Flops","Women","Footwear","Flip Flops","Flip Flops","Green","Summer","Casual","datasets/fashion-ecommerce-500/images/14341.jpg"
"15382","Fila Men Terra Navy Blue Slippers","Men","Footwear","Flip Flops","Flip Flops","Navy Blue","Fall","Casual","datasets/fashion-ecommerce-500/images/15382.jpg"
"15384","Filac Men Hawai Black Slippers","Men","Footwear","Flip Flops","Flip Flops","Black","Summer","Casual","datasets/fashion-ecommerce-500/images/15384.jpg"
"15385","Fila Men Hawai Blue Flip Flops","Men","Footwear","Flip Flops","Flip Flops","Blue","Summer","Casual","datasets/fashion-ecommerce-500/images/15385.jpg"
"15387","Fila Men Kumi Red Slippers","Men","Footwear","Flip Flops","Flip Flops","Red","Summer","Casual","datasets/fashion-ecommerce-500/images/15387.jpg"
"15392","FILA Men Cage Navy Blue Slippers","Men","Footwear","Flip Flops","Flip Flops","Navy Blue","Summer","Casual","datasets/fashion-ecommerce-500/images/15392.jpg"
"15393","Fila Men Hawai Navy Blue Flip Flops","Men","Footwear","Flip Flops","Flip Flops","Navy Blue","Summer","Casual","datasets/fashion-ecommerce-500/images/15393.jpg"
"15394","Fila Men Summer Fun White Flip Flops","Men","Footwear","Flip Flops","Flip Flops","White","Summer","Casual","datasets/fashion-ecommerce-500/images/15394.jpg"
"15410","Fila Men Velvet Black Flip Flops","Men","Footwear","Flip Flops","Flip Flops","Black","Summer","Casual","datasets/fashion-ecommerce-500/images/15410.jpg"
"15516","Rockport Men Altrezlp Navy Blue Flip Flops","Men","Footwear","Flip Flops","Flip Flops","Navy Blue","Fall","Casual","datasets/fashion-ecommerce-500/images/15516.jpg"
"15519","Rockport Men Jelba Brown Flip Flops","Men","Footwear","Flip Flops","Flip Flops","Brown","Fall","Casual","datasets/fashion-ecommerce-500/images/15519.jpg"
"15521","Rockport Men Jelbalp Black Flip Flops","Men","Footwear","Flip Flops","Flip Flops","Black","Fall","Casual","datasets/fashion-ecommerce-500/images/15521.jpg"
"15710","Puma Men Drifter Cat II White Flip Flops","Men","Footwear","Flip Flops","Flip Flops","White","Fall","Casual","datasets/fashion-ecommerce-500/images/15710.jpg"
"15738","Nike Men Black Flip Flops","Men","Footwear","Flip Flops","Flip Flops","Black","Summer","Casual","datasets/fashion-ecommerce-500/images/15738.jpg"
"15849","Warner Bros Kids Unisex SD Safari Flop Red Slippers","Unisex","Footwear","Flip Flops","Flip Flops","Red","Fall","Casual","datasets/fashion-ecommerce-500/images/15849.jpg"
"15859","Warner Bros Kids Unisex LT Taz Flops Green Slippers","Unisex","Footwear","Flip Flops","Flip Flops","Green","Fall","Casual","datasets/fashion-ecommerce-500/images/15859.jpg"
"15861","Warner Bros Kids Unisex SD Nightmare Flop Blue Slippers","Unisex","Footwear","Flip Flops","Flip Flops","Blue","Fall","Casual","datasets/fashion-ecommerce-500/images/15861.jpg"
"15873","Warner Bros Kids Unisex TJ Aloha Flops Yellow Slippers","Unisex","Footwear","Flip Flops","Flip Flops","Yellow","Fall","Casual","datasets/fashion-ecommerce-500/images/15873.jpg"
"15874","Warner Bros Kids Unisex TJ Sport Flop Green Slippers","Unisex","Footwear","Flip Flops","Flip Flops","Green","Fall","Casual","datasets/fashion-ecommerce-500/images/15874.jpg"
"15875","Warner Bros Kids Unisex TJ Beach Slipper Blue Slippers","Unisex","Footwear","Flip Flops","Flip Flops","Blue","Fall","Casual","datasets/fashion-ecommerce-500/images/15875.jpg"
"15876","Warner Bros Kids Unisex TJ Beach Slipper Red Slippers","Unisex","Footwear","Flip Flops","Flip Flops","Red","Fall","Casual","datasets/fashion-ecommerce-500/images/15876.jpg"
"15877","Warner Bros Kids Unisex TJ Big Face Blue Slippers","Unisex","Footwear","Flip Flops","Flip Flops","Blue","Fall","Casual","datasets/fashion-ecommerce-500/images/15877.jpg"
"15878","Warner Bros Kids Unisex TJ Big Face Yellow Slippers","Unisex","Footwear","Flip Flops","Flip Flops","Yellow","Winter","Casual","datasets/fashion-ecommerce-500/images/15878.jpg"
"15895","Warner Bros Kids Girls TW Flower Flops Pink Slippers","Girls","Footwear","Flip Flops","Flip Flops","Pink","Fall","Casual","datasets/fashion-ecommerce-500/images/15895.jpg"
"15897","Warner Bros Kids Unisex SD Wave Flop Green Slippers","Unisex","Footwear","Flip Flops","Flip Flops","Green","Fall","Casual","datasets/fashion-ecommerce-500/images/15897.jpg"
"15901","Warner Bros Kids Unisex TJ Sport Flop Brown Slippers","Unisex","Footwear","Flip Flops","Flip Flops","Brown","Spring","Casual","datasets/fashion-ecommerce-500/images/15901.jpg"
"15902","Warner Bros Kids Unisex TJ Cheese Flops Purple Slippers","Unisex","Footwear","Flip Flops","Flip Flops","Purple","Fall","Casual","datasets/fashion-ecommerce-500/images/15902.jpg"
"16236","Crocs Crocband Flip Unisex Navy Blue Slipper","Unisex","Footwear","Flip Flops","Flip Flops","Navy Blue","Fall","Casual","datasets/fashion-ecommerce-500/images/16236.jpg"
"16248","Crocs Patricia Women Black Sandal","Women","Footwear","Flip Flops","Flip Flops","Black","Fall","Casual","datasets/fashion-ecommerce-500/images/16248.jpg"
"16729","Lotto Men Mega Sport Navy Blue Slipper","Men","Footwear","Flip Flops","Flip Flops","Navy Blue","Fall","Casual","datasets/fashion-ecommerce-500/images/16729.jpg"
"16730","Lotto Men Mega Sport Grey Slipper","Men","Footwear","Flip Flops","Flip Flops","Grey","Fall","Casual","datasets/fashion-ecommerce-500/images/16730.jpg"
"37701","AMERICAN TOURISTER Unisex Blue Printed Backpack","Unisex","Free Items","Free Gifts","Backpacks","Blue","Summer","Casual","datasets/fashion-ecommerce-500/images/37701.jpg"
"43285","Murcia Women Black Backpack","Women","Free Items","Free Gifts","Backpacks","Black","Summer","Casual","datasets/fashion-ecommerce-500/images/43285.jpg"
"25140","Lino Perros Gunmetal-Toned Clutch","Women","Free Items","Free Gifts","Clutches","Metallic","Summer","Party","datasets/fashion-ecommerce-500/images/25140.jpg"
"10595","Esprit Women Cascade Grey Dial Watch","Women","Free Items","Free Gifts","Free Gifts","Grey","Winter","Casual","datasets/fashion-ecommerce-500/images/10595.jpg"
"11212","ESPRIT Men Corso Silver Watch","Men","Free Items","Free Gifts","Free Gifts","Steel","Winter","Casual","datasets/fashion-ecommerce-500/images/11212.jpg"
"15349","Nike Men Blue Team India Cricket Jersey","Men","Free Items","Free Gifts","Free Gifts","Blue","Winter","Sports","datasets/fashion-ecommerce-500/images/15349.jpg"
"15658","Belkin Unisex Simple Messenger Blue Handbags","Unisex","Free Items","Free Gifts","Free Gifts","Blue","Winter","Casual","datasets/fashion-ecommerce-500/images/15658.jpg"
"16937","Image Women Sunglasses","Women","Free Items","Free Gifts","Free Gifts","Red","Winter","Casual","datasets/fashion-ecommerce-500/images/16937.jpg"
"16943","Image Women Black Sunglasses","Women","Free Items","Free Gifts","Free Gifts","Black","Winter","Casual","datasets/fashion-ecommerce-500/images/16943.jpg"
"28347","IDEE Men Black Sunglasses","Men","Free Items","Free Gifts","Free Gifts","Black","Winter","Casual","datasets/fashion-ecommerce-500/images/28347.jpg"
"57681","Lotus Herbals Cherry Bliss Body Lotion","Women","Personal Care","Bath and Body","Body Lotion","Cream","Spring","NA","datasets/fashion-ecommerce-500/images/57681.jpg"
"57683","Lotus Herbals Aloe Soft Body Lotion","Women","Personal Care","Bath and Body","Body Lotion","Yellow","Spring","Casual","datasets/fashion-ecommerce-500/images/57683.jpg"
"57685","Lotus Herbals Almond Nourish Body Lotion with SPF 20","Women","Personal Care","Bath and Body","Body Lotion","Yellow","Spring","NA","datasets/fashion-ecommerce-500/images/57685.jpg"
"57687","Lotus Herbals Vanilla Velvet Body Lotion","Women","Personal Care","Bath and Body","Body Lotion","White","Spring","NA","datasets/fashion-ecommerce-500/images/57687.jpg"
"57874","Biotique Bio Coco Butter Tissue Firming Body Balm","Women","Personal Care","Bath and Body","Body Lotion","Green","Spring","Casual","datasets/fashion-ecommerce-500/images/57874.jpg"
"44016","BOSS Men Selection Shower Gel","Men","Personal Care","Bath and Body","Body Wash and Scrub","Silver","Spring","Casual","datasets/fashion-ecommerce-500/images/44016.jpg"
"55197","Lakme Nail Colour Remover","Women","Personal Care","Bath and Body","Nail Essentials","Purple","Spring","Casual","datasets/fashion-ecommerce-500/images/55197.jpg"
"55351","Revlon Extra Gentle Nail Polish Remover","Women","Personal Care","Bath and Body","Nail Essentials","Purple","Spring","Casual","datasets/fashion-ecommerce-500/images/55351.jpg"
"55352","Revlon Extra Fast Nail Polish Remover","Women","Personal Care","Bath and Body","Nail Essentials","White","Spring","Casual","datasets/fashion-ecommerce-500/images/55352.jpg"
"55835","Colorbar Acetone Free Nail Enamel Remover","Women","Personal Care","Bath and Body","Nail Essentials","White","Summer","Casual","datasets/fashion-ecommerce-500/images/55835.jpg"
"55836","Colorbar Nail Polish Remover","Women","Personal Care","Bath and Body","Nail Essentials","Blue","Spring","Casual","datasets/fashion-ecommerce-500/images/55836.jpg"
"56432","Streetwear Nail Color Remover","Women","Personal Care","Bath and Body","Nail Essentials","Pink","Spring","Casual","datasets/fashion-ecommerce-500/images/56432.jpg"
"55109","Lakme Compact Puff","Women","Personal Care","Beauty Accessories","Beauty Accessory","Skin","Spring","NA","datasets/fashion-ecommerce-500/images/55109.jpg"
"55119","Lakme Dual Sharpener","Women","Personal Care","Beauty Accessories","Beauty Accessory","Burgundy","Spring","Casual","datasets/fashion-ecommerce-500/images/55119.jpg"
"55286","Lakme All Over Shimmer Gloss","Women","Personal Care","Beauty Accessories","Beauty Accessory","Cream","Spring","Casual","datasets/fashion-ecommerce-500/images/55286.jpg"
"55834","Colorbar Miss Reflective Body Shimmer 001","Women","Personal Care","Beauty Accessories","Beauty Accessory","Skin","Spring","Casual","datasets/fashion-ecommerce-500/images/55834.jpg"
"49076","Deborah HiTech Trio Eye Shadow 01","Women","Personal Care","Eyes","Eyeshadow","Gold","Spring","NA","datasets/fashion-ecommerce-500/images/49076.jpg"
"49077","Deborah HiTech Trio Eye Shadow 3","Women","Personal Care","Eyes","Eyeshadow","Blue","Spring","NA","datasets/fashion-ecommerce-500/images/49077.jpg"
"49078","Deborah HiTech Trio Smoky Eyes Eye Shadow 04","Women","Personal Care","Eyes","Eyeshadow","Pink","Spring","NA","datasets/fashion-ecommerce-500/images/49078.jpg"
"49079","Deborah Silver Mono HiTech Eye Shadow 34","Women","Personal Care","Eyes","Eyeshadow","Silver","Spring","Casual","datasets/fashion-ecommerce-500/images/49079.jpg"
"49098","Deborah HiTech Trio Eye Shadow 10","Women","Personal Care","Eyes","Eyeshadow","Green","Spring","Casual","datasets/fashion-ecommerce-500/images/49098.jpg"
"56425","Streetwear FX Spice Girl Eye Shadow","Women","Personal Care","Eyes","Eyeshadow","Purple","Spring","Casual","datasets/fashion-ecommerce-500/images/56425.jpg"
"56427","Streetwear Groovy Baby Eye Shadow","Women","Personal Care","Eyes","Eyeshadow","Bronze","Spring","Casual","datasets/fashion-ecommerce-500/images/56427.jpg"
"56428","Streetwear FX Cutey Petutti Eye Shadow","Women","Personal Care","Eyes","Eyeshadow","Pink","Spring","Casual","datasets/fashion-ecommerce-500/images/56428.jpg"
"56429","Streetwear Bombshell Eye Shadow","Women","Personal Care","Eyes","Eyeshadow","Brown","Spring","Casual","datasets/fashion-ecommerce-500/images/56429.jpg"
"56590","Streetwear Dazzling Steel Eye Shadow","Women","Personal Care","Eyes","Eyeshadow","Blue","Spring","NA","datasets/fashion-ecommerce-500/images/56590.jpg"
"56591","Streetwear Hi Lite Eye Shadow","Women","Personal Care","Eyes","Eyeshadow","Bronze","Spring","NA","datasets/fashion-ecommerce-500/images/56591.jpg"
"56592","Streetwear Groovy Pink Eye Shadow","Women","Personal Care","Eyes","Eyeshadow","Purple","Spring","NA","datasets/fashion-ecommerce-500/images/56592.jpg"
"56593","Streetwear Green With Envy Eye Shadow","Women","Personal Care","Eyes","Eyeshadow","Green","Spring","NA","datasets/fashion-ecommerce-500/images/56593.jpg"
"56594","Streetwear Stay On Mineral Goddess Eye Shadow","Women","Personal Care","Eyes","Eyeshadow","Blue","Spring","NA","datasets/fashion-ecommerce-500/images/56594.jpg"
"49087","Deborah 24 Ore Eye Pencil 253","Women","Personal Care","Eyes","Kajal and Eyeliner","Blue","Spring","Casual","datasets/fashion-ecommerce-500/images/49087.jpg"
"49088","Deborah 24 Ore Eye Pencil 261","Women","Personal Care","Eyes","Kajal and Eyeliner","Green","Spring","Casual","datasets/fashion-ecommerce-500/images/49088.jpg"
"49089","Deborah 24 Ore Eye Pencil 264","Women","Personal Care","Eyes","Kajal and Eyeliner","Purple","Spring","Casual","datasets/fashion-ecommerce-500/images/49089.jpg"
"49135","Deborah 24 Ore Eye Pencil 266","Women","Personal Care","Eyes","Kajal and Eyeliner","Bronze","Spring","Casual","datasets/fashion-ecommerce-500/images/49135.jpg"
"49137","Deborah 24 Ore Eye Pencil 267","Women","Personal Care","Eyes","Kajal and Eyeliner","Blue","Spring","Casual","datasets/fashion-ecommerce-500/images/49137.jpg"
"55075","Lakme Glide On Warm Copper Eye Color","Women","Personal Care","Eyes","Kajal and Eyeliner","Copper","Spring","Casual","datasets/fashion-ecommerce-500/images/55075.jpg"
"55252","Lakme Perfect Definition Eye Pencil 20 Midnight Black","Women","Personal Care","Eyes","Kajal and Eyeliner","Black","Spring","Casual","datasets/fashion-ecommerce-500/images/55252.jpg"
"56152","Colorbar I-Glide Amethyst Spark Eye Pencil 011","Women","Personal Care","Eyes","Kajal and Eyeliner","Purple","Spring","Casual","datasets/fashion-ecommerce-500/images/56152.jpg"
"56153","Colorbar I-Glide Glowing Saphire Eye Pencil 010","Women","Personal Care","Eyes","Kajal and Eyeliner","Blue","Spring","Casual","datasets/fashion-ecommerce-500/images/56153.jpg"
"56154","Colorbar I-Glide Coal Mine Eye Pencil 09","Women","Personal Care","Eyes","Kajal and Eyeliner","Black","Spring","Casual","datasets/fashion-ecommerce-500/images/56154.jpg"
"56156","Colorbar I-Glide Flirty Turq Eye Pencil 07","Women","Personal Care","Eyes","Kajal and Eyeliner","Blue","Spring","Casual","datasets/fashion-ecommerce-500/images/56156.jpg"
"56159","Colorbar Electra I-Glide Eye Pencil 04","Women","Personal Care","Eyes","Kajal and Eyeliner","Blue","Spring","Casual","datasets/fashion-ecommerce-500/images/56159.jpg"
"56161","Colorbar I-Glide Cocobar Eye Pencil 02","Women","Personal Care","Eyes","Kajal and Eyeliner","Brown","Spring","Casual","datasets/fashion-ecommerce-500/images/56161.jpg"
"56597","Streetwear Stay On Onyx Eye Pencil 03","Women","Personal Care","Eyes","Kajal and Eyeliner","Black","Spring","Casual","datasets/fashion-ecommerce-500/images/56597.jpg"
"56598","Streetwear Stay On Emerald Eye Pencil 01","Women","Personal Care","Eyes","Kajal and Eyeliner","Green","Spring","Casual","datasets/fashion-ecommerce-500/images/56598.jpg"
"56599","Streetwear Stay On Aquamarine Eye Pencil 01","Women","Personal Care","Eyes","Kajal and Eyeliner","Blue","Spring","Casual","datasets/fashion-ecommerce-500/images/56599.jpg"
"55071","Lakme Women Absolute Flutter Secrets Dramatic Eyes Mascara B004","Women","Personal Care","Eyes","Mascara","Black","Spring","Casual","datasets/fashion-ecommerce-500/images/55071.jpg"
"55072","Lakme Lash Artist Mascara","Women","Personal Care","Eyes","Mascara","Black","Spring","Casual","datasets/fashion-ecommerce-500/images/55072.jpg"
"55073","Lakme Absolute Flutter Secrets Volumizing Mascara","Women","Personal Care","Eyes","Mascara","Black","Spring","Casual","datasets/fashion-ecommerce-500/images/55073.jpg"
"55395","Revlon Double Twist  Blackest Black Volumizing Mascara 1954-01","Women","Personal Care","Eyes","Mascara","Black","Spring","Casual","datasets/fashion-ecommerce-500/images/55395.jpg"
"1628","Kipsta Xtra Bounce Basketball","Unisex","Sporting Goods","Sports Equipment","Basketballs","Brown","Summer","Sports","datasets/fashion-ecommerce-500/images/1628.jpg"
"2354","ADIDAS Black Bounce Unisex Basketball","Unisex","Sporting Goods","Sports Equipment","Basketballs","Black","Winter","Sports","datasets/fashion-ecommerce-500/images/2354.jpg"
"2356","ADIDAS Black & White Unisex Basketball","Unisex","Sporting Goods","Sports Equipment","Basketballs","Black","Winter","Sports","datasets/fashion-ecommerce-500/images/2356.jpg"
"4007","Spalding Unisex Nash Orange Basketball","Unisex","Sporting Goods","Sports Equipment","Basketballs","Orange","Summer","Sports","datasets/fashion-ecommerce-500/images/4007.jpg"
"4008","Spalding Unisex Ochre Yellow Basketball","Unisex","Sporting Goods","Sports Equipment","Basketballs","Yellow","Summer","Sports","datasets/fashion-ecommerce-500/images/4008.jpg"
